action_endpoint_delta,action_max_speed,action_mean_jerk,action_mean_speed,action_p95_jerk,action_p95_speed,action_path_len,action_speed_spikiness,duration_s,eef_displacement_final,eef_displacement_max,eef_displacement_mean,eef_displacement_min,eef_displacement_range,eef_height_final,eef_height_max,eef_height_max_cm,eef_height_mean,eef_height_min,eef_height_range,eef_pos_endpoint_delta,eef_pos_max_speed,eef_pos_mean_jerk,eef_pos_mean_speed,eef_pos_p95_jerk,eef_pos_p95_speed,eef_pos_path_len,eef_pos_speed_spikiness,episode_index,num_frames,state_endpoint_delta,state_max_speed,state_mean_jerk,state_mean_speed,state_p95_jerk,state_p95_speed,state_path_len,state_speed_spikiness
4.208144143455738,257.51086569411734,316.6112489640554,52.42419441942273,1272.8025085286454,134.70813295126516,405.41387631985845,6.606596791939582,7.733333110809326,0.004979482874971086,0.12158260658514337,0.06654825346964044,0.0,0.12158260658514337,0.016350305744320878,0.06745420905474116,6.745420905474115,0.031770313765740965,-0.0012151463558114917,0.06866935541055265,0.004979482874971086,0.2158760372886916,0.306462145748975,0.0578504931715526,1.0283466968368389,0.14912846106822167,0.447377186826319,4.768541503732994,30,233,10.503944080143096,152.12403152954198,226.345652322719,40.43164121442745,728.56297970031,115.56713238490096,312.67134645353497,4.470140409158886
2.3260782413595464,282.65900964729906,307.1339451731759,50.48550821118744,1218.042897695953,129.8184064263518,385.37270185663044,6.585135867319377,7.633333206176758,0.0007550646968828099,0.11068165292724194,0.0601381768001885,0.0,0.11068165292724194,0.016267231506806812,0.06397587024411952,6.397587024411952,0.03143175154722173,0.001428545625447239,0.06254732461867228,0.0007550646968828099,0.2031270701202664,0.2883165675345514,0.05362192856451189,0.8904206360792594,0.161302174606324,0.4093140406250453,4.614159718439861,31,230,1.9513976306864613,154.39458111297364,184.2735903783279,38.095052233711115,683.5634134828102,109.6234800894491,290.7922266284235,4.970606231570237
3.2787491742733006,243.30148484543093,342.6055814473515,55.83397654898041,1166.427498612868,134.0184115072183,385.25438837486706,6.139030235706997,6.900000095367432,0.002652920137994481,0.11679024009138773,0.05859445674290268,0.0,0.11679024009138773,0.015884539914892998,0.06600957462211587,6.600957462211587,0.03160296406530091,0.0010689602512486684,0.0649406143708672,0.002652920137994481,0.25236043215763804,0.3589932111886167,0.06051822691936684,1.33747239367347,0.18146092231659303,0.4175757841805268,5.845009033458698,32,208,2.868986354262296,147.48017502291114,201.95630224077757,39.33123378403444,620.0541332547576,111.29799646091189,271.3855237674756,5.333869481869297
4.470627374630666,361.77935676115897,317.78120291999403,50.769843051923594,1002.284958424634,131.33379137786437,382.4661640355848,9.3005727991471,7.5333333015441895,0.0029403718886373206,0.11384053922393121,0.05665043611967721,0.0,0.11384053922393121,0.016370372491633672,0.062384077154253564,6.238407715425357,0.03145481425965981,0.002652630023411609,0.059731447130841955,0.0029403718886373206,0.20293762307241614,0.2888460213452061,0.0546093167820684,0.977863224232852,0.17630474521337458,0.4113901924203695,6.0559607945420355,33,227,2.098255303348825,162.31904348063267,200.2041083412117,37.305343457486806,686.6090789397538,118.131546572133,281.0336026871009,5.855983592518393
5.285310414295908,226.74811518341923,272.96783901864825,51.17754780758684,850.8758702835789,117.73947377026005,387.24343595624686,5.088400352881097,7.566666603088379,0.0018255715075890732,0.11512769344092631,0.05970234552135503,0.0,0.11512769344092631,0.01597810594919842,0.06976035589081894,6.976035589081894,0.035135975956212075,0.002621000276854288,0.06713935561396465,0.0018255715075890732,0.23813027308516643,0.3023196851135036,0.06055032546789078,1.0224402554356766,0.18629973077720022,0.45816413715878945,5.71423370576789,34,228,4.546754317265759,150.1486233906585,177.8854658202041,36.23017679125268,565.6169493613289,104.18910846943034,274.14167161100556,5.72907975113598
3.9922578756671117,262.2295552034851,282.8164045283813,51.83392790536081,1009.0026694083762,128.81733086857457,421.58255057438487,5.938842056162523,8.133333206176758,0.003472367644337565,0.12139051029119768,0.062316982547219985,0.0,0.12139051029119768,0.015979309012294343,0.07522835937788508,7.522835937788508,0.031130240753542135,-0.0008190271411569194,0.076047386519042,0.003472367644337565,0.2028340591681539,0.27029476395417124,0.05632815935445413,0.9167753330237484,0.15580059439136126,0.4581357277429849,3.9762997029578218,35,245,4.439031758057017,156.16442412563023,165.132119594476,38.38899644751152,519.9129771337892,117.52575986071727,312.2305443764699,4.69319832749782
5.2846247931473425,243.71736051979835,289.50078611968587,50.32456040478401,1011.912752640237,125.56614021083324,402.59652345144207,5.771618347745041,8.0,0.004021682355203929,0.12353497876591928,0.07076577312238087,0.0,0.12353497876591928,0.016167757366390978,0.06900097686745574,6.900097686745574,0.03259637232291283,-0.00034459992245187976,0.06934557678990762,0.004021682355203929,0.19016216858911728,0.2996445064317616,0.05506108637066028,0.973822526658215,0.1510975915481866,0.44048867707810685,4.333563055167604,36,241,3.622304671716899,151.60334100892086,196.8423552563362,39.15218955801826,617.8744203816645,112.86613651546705,313.21750920940934,4.440744099769366
4.453651151824102,239.92362618948638,309.7358671345858,53.819798407717414,1040.6064171917408,130.18113219447636,426.97036879614194,5.225525291023127,7.933333396911621,0.002150786014771527,0.13190423200859316,0.07620010131083628,0.0,0.13190423200859316,0.01637037249163366,0.06935404831952194,6.9354048319521935,0.033432032939287835,0.00170195887413227,0.06765208944538967,0.002150786014771527,0.21896064862957776,0.2860033250870502,0.06205879256438741,0.877391517786844,0.16672939839881404,0.49233309764331457,3.943035743022294,37,239,3.740361835428,140.60641636994353,168.73838114252294,42.05877375877251,490.4643790152307,113.26779421534732,333.66628038077,4.036469354481865
3.914167954978547,243.75046623566718,290.4519855550224,51.11732045890073,1058.502004313115,127.50865379677585,424.27371478778286,5.383330141970566,8.300000190734863,0.0008514273985906893,0.12424759835210343,0.07179506648867537,0.0,0.12424759835210343,0.015883657705222348,0.06918201689074982,6.918201689074982,0.03262347327428518,0.0007788273148151004,0.06840318957593472,0.0008514273985906893,0.20822046787408816,0.2835841219569177,0.05774142470873188,0.9510997537657511,0.14601328720129608,0.47925381326959327,3.6460245225419126,38,250,1.534052346467163,138.41786983236437,174.71945299036418,39.78182142919674,501.9435934242945,98.67536830304465,330.1891252251113,3.8169245429874645
7.710025373615073,258.1102081377213,292.0007652931283,55.34528255261932,963.5010170109186,132.56738429244584,457.5210154103778,5.721993168013159,8.266666412353516,0.005635457430387156,0.15178231456536959,0.08003727110203294,0.0,0.15178231456536959,0.016364208258455692,0.0811072912732631,8.11072912732631,0.03523688140129862,0.0019069094517099733,0.07920038182155313,0.005635457430387156,0.22622304546483568,0.2975727594880502,0.061980523561297136,1.0413296545956119,0.1744578841696988,0.5123723295533034,5.022623940954393,39,249,6.192548677364696,154.39562835188974,190.25502722085113,42.73814982034828,581.9613842585418,128.35864226211874,353.30202571682116,5.1021249739275065
8.034898354623985,297.0432354499559,333.6572012706074,51.707798871957216,1074.3801999076497,136.54713601891075,405.04450265310766,8.55108119752268,7.833333492279053,0.00376354101514412,0.1170929686273398,0.06678422156393349,0.0,0.1170929686273398,0.016466685339278503,0.07032566008537516,7.032566008537517,0.03146818718615848,-0.0005794568454402377,0.0709051169308154,0.00376354101514412,0.20526836300568668,0.28744683982263386,0.056011654679526006,0.9354492078538638,0.1595575791166463,0.4387579601302898,4.762965681925021,40,236,4.360385570760403,142.47598639142967,185.7965682986777,39.44219393380822,647.2421744632586,113.18849840147263,308.9638365956176,4.727641289644041
5.454254264280935,257.75676039745275,303.3937402025498,51.90573908335466,955.4855454596858,121.88592288761559,387.56288906357975,6.0088712092133125,7.4666666984558105,0.0005419969277683675,0.12838042581339396,0.059478044692483585,0.0,0.12838042581339396,0.01598602061097877,0.08214185319211431,8.214185319211431,0.03706931593406869,0.005906121386220292,0.07623573180589402,0.0005419969277683675,0.24743493315215356,0.336887303334135,0.06374348310488902,1.1447996682332415,0.1998083327811871,0.4759513736286197,5.115571552784397,41,225,1.7708953462889037,147.4801750051461,194.98741630650025,37.5588149381851,576.3098568123587,118.34800081622728,280.43914816470834,5.060617788345175
2.656990201846831,221.96273226736693,306.6152867451431,52.580214180545866,1170.5411346446353,127.87724610792984,385.58828899609676,4.801043289492664,7.333333492279053,0.0016700478328793551,0.11357689382735084,0.05892879555789108,0.0,0.11357689382735084,0.01608233962677462,0.08030474681805072,8.030474681805073,0.03668483647011166,0.0051377861687950666,0.07516696064925565,0.0016700478328793551,0.2702657463921259,0.3508034185153794,0.062355757699653985,1.169229509302661,0.19040772193779062,0.45727553806906673,7.138926225017028,42,221,2.9892221049566876,129.5844017144918,192.274262431777,38.14832773764404,507.9031775044341,97.35320136699615,279.75438342958887,3.9703177618475345
3.9518862071796197,225.42109533939626,293.0519310244291,52.074442921620125,991.7913578330224,127.19131256188058,402.7090040928543,4.904809516428663,7.733333110809326,0.001523623075913648,0.11471671603341242,0.061047558105793126,0.0,0.11471671603341242,0.015603699810344804,0.0742442414386596,7.424424143865959,0.03659588689915323,0.0031622157513640226,0.07108202568729557,0.001523623075913648,0.24995019388871623,0.3181288455852624,0.061369924690695396,1.210761836002961,0.18227593071083809,0.4745940548381422,5.506461501471467,43,233,2.9601677759007967,147.22630587912445,194.63663497950137,37.849424367455796,556.3202601547964,95.21391415609426,292.7022232698454,4.240850940019766
4.673691300195456,229.95020732548844,293.76620947083103,53.16478732743182,765.3815023444303,129.33829473672301,405.82451098690046,4.689129235450138,7.633333206176758,0.0022146805913650113,0.12502994747238755,0.06469444367324606,0.0,0.12502994747238755,0.01578330823933101,0.07977842258251441,7.977842258251441,0.03618035261332695,0.005091437837347723,0.07468698474516669,0.0022146805913650113,0.20347845513748358,0.3218901096458453,0.0631473110677089,1.0482875872902386,0.17012327373321617,0.4820244503646651,3.3499207856945104,44,230,3.2798388176942415,147.51728720809032,204.35049947367963,39.47470733951643,558.6562443580913,103.9722768296763,301.32360060504186,4.067786191026887
2.7641735939100247,257.98848334801636,334.2033675997466,59.15434503202944,1216.1485476395044,133.89951352452718,439.7139290491682,5.138440517062507,7.433333396911621,0.0020325037072905605,0.13267737145685923,0.07605499551407932,0.0,0.13267737145685923,0.015724686383001313,0.07351789529494548,7.351789529494549,0.03415447820774995,-0.0004192180830886183,0.0739371133780341,0.0020325037072905605,0.21816941509255774,0.3638016888949953,0.06800444254454276,1.0577752536127205,0.18000734191001255,0.5054996950674133,3.6341850302276275,45,224,2.629773395367494,159.03993138739781,204.5645912449435,45.416958058290966,507.0509062738489,121.48763090217028,337.59942168866644,4.092456060349499
5.0517696041033355,325.5839551504551,291.8111991606721,49.870710416204375,861.8650038249458,108.54489272328368,384.00444128052294,7.687321905744915,7.699999809265137,0.0025464246111165387,0.11372668747822476,0.06106037203587498,0.0,0.11372668747822476,0.015566352708675527,0.06654022450315825,6.654022450315825,0.032836571039257904,0.00257022370104229,0.06397000080211596,0.0025464246111165387,0.1997420171296634,0.2884035447296706,0.05856352309538972,0.9050994461644793,0.17077133690354623,0.45093911546101917,4.885114016093451,46,232,4.302344415057502,154.38498015458148,183.41437255160017,37.62077668368618,527.9548134578805,104.11093491421059,289.6799864893117,4.8071965060701185
5.879525648558982,297.04687743707836,310.01451612816857,50.33612789451634,1085.697011973642,125.39360657132137,406.04469684978704,8.605478525549774,8.066666603088379,0.003572262610608845,0.12992481081192997,0.0662415085419485,0.0,0.12992481081192997,0.016254247089584728,0.07086194183840143,7.086194183840143,0.03399720550776396,0.004025592967809563,0.06683634887059187,0.003572262610608845,0.2261714604328246,0.2954403533988265,0.0556887086004015,0.9929192956983477,0.17402736997377555,0.4492222663172388,6.739582372083728,47,243,6.4848179542633115,142.85724912381087,196.0962740488282,38.466752776918796,620.7293400103442,117.08753559453078,310.29848247468465,5.054740192756441
7.377881038287736,282.6113275922084,308.23421642395783,50.576983045188086,1115.2071520467982,120.78599045065141,359.09659803069974,6.767452043662211,7.099999904632568,0.003563113871660114,0.1117908507246633,0.05479849202290175,0.0,0.1117908507246633,0.015474542139496422,0.0760770114263887,7.60770114263887,0.03366688772358742,0.004971342923918584,0.07110566850247012,0.003563113871660114,0.21613765198388002,0.3165652019403874,0.056384362075601435,1.0997786828872262,0.17705050580340756,0.40032900396236315,5.57908950297831,48,214,5.765551366427355,149.83497888085367,198.17578209945685,35.95467396569768,592.6514324924634,94.38089533489125,255.27820662768528,5.1306304786629084
7.620882470378923,228.92676317361244,297.24557296134503,55.00652446712363,1115.2643588256408,137.34038126800775,418.0496089037192,4.888565274136644,7.599999904632568,0.002785804892404562,0.13031957274590802,0.061693177689991406,0.0,0.13031957274590802,0.016370747605546646,0.07702014753079023,7.702014753079023,0.034573510492815256,0.003890044663168335,0.0731301028676219,0.002785804892404562,0.22756176779474768,0.3363395006888079,0.05980543018983533,1.1855857829626246,0.18858387845958172,0.454521253352072,6.350363413762037,49,229,5.811062562004035,146.27858848162944,207.7326297928158,41.29748972973689,592.7588417062559,122.02787720701386,313.86091841385945,4.260141814277339
