condition,episode,episode_idx,save_idx,raw_chunk_id,path,high_low_projection_score,dist_to_high_proto,dist_to_low_proto,dist_to_baseline_proto,prototype_label,is_lift_chunk
baseline,episode_000000,0,0,0,debug_runs/20260529_110106_baseline/episode_000000/debug_chunk_rawid_0_000_observation_frame.pt,-1.7252094745635986,1.2032263278961182,0.9571348428726196,1.042519211769104,low_like,1
baseline,episode_000000,0,1,1,debug_runs/20260529_110106_baseline/episode_000000/debug_chunk_rawid_1_001_observation_frame.pt,-1.0279356241226196,3.0964765548706055,1.6732871532440186,2.077213764190674,low_like,0
baseline,episode_000000,0,2,2,debug_runs/20260529_110106_baseline/episode_000000/debug_chunk_rawid_2_002_observation_frame.pt,0.6410039067268372,2.3334128856658936,2.7896475791931152,2.7682902812957764,high_like,1
baseline,episode_000000,0,3,3,debug_runs/20260529_110106_baseline/episode_000000/debug_chunk_rawid_3_003_observation_frame.pt,-0.030660295858979225,1.989463448524475,3.1119635105133057,2.9361073970794678,high_like,1
baseline,episode_000000,0,4,4,debug_runs/20260529_110106_baseline/episode_000000/debug_chunk_rawid_4_004_observation_frame.pt,2.682157278060913,2.0939629077911377,4.63754940032959,4.143381118774414,high_like,0
baseline,episode_000000,0,5,5,debug_runs/20260529_110106_baseline/episode_000000/debug_chunk_rawid_5_005_observation_frame.pt,-1.2998110055923462,0.3172552287578583,,0.0,unknown,0
baseline,episode_000001,1,0,0,debug_runs/20260529_110106_baseline/episode_000001/debug_chunk_rawid_0_000_observation_frame.pt,-1.4609265327453613,0.5320478677749634,0.40025779604911804,0.15612952411174774,low_like,1
baseline,episode_000001,1,1,1,debug_runs/20260529_110106_baseline/episode_000001/debug_chunk_rawid_1_001_observation_frame.pt,1.5271897315979004,0.5008958578109741,1.0165295600891113,0.5960201025009155,high_like,0
baseline,episode_000001,1,2,2,debug_runs/20260529_110106_baseline/episode_000001/debug_chunk_rawid_2_002_observation_frame.pt,-0.8226264119148254,1.1666651964187622,0.4755318760871887,0.35071849822998047,low_like,1
baseline,episode_000001,1,3,3,debug_runs/20260529_110106_baseline/episode_000001/debug_chunk_rawid_3_003_observation_frame.pt,-2.7265617847442627,1.234126091003418,0.5161648988723755,0.3077723979949951,low_like,1
baseline,episode_000001,1,4,4,debug_runs/20260529_110106_baseline/episode_000001/debug_chunk_rawid_4_004_observation_frame.pt,-1.2844963073730469,2.376002073287964,0.9902065992355347,0.610842227935791,low_like,0
baseline,episode_000002,2,0,0,debug_runs/20260529_110106_baseline/episode_000002/debug_chunk_rawid_0_000_observation_frame.pt,-1.6025334596633911,0.636871337890625,0.2524024546146393,0.11042289435863495,low_like,1
baseline,episode_000002,2,1,1,debug_runs/20260529_110106_baseline/episode_000002/debug_chunk_rawid_1_001_observation_frame.pt,1.2406206130981445,0.7757567763328552,0.7315351963043213,0.3160581886768341,low_like,0
baseline,episode_000002,2,2,2,debug_runs/20260529_110106_baseline/episode_000002/debug_chunk_rawid_2_002_observation_frame.pt,-0.8804928064346313,1.242972731590271,0.5222285389900208,0.4091165065765381,low_like,1
baseline,episode_000002,2,3,3,debug_runs/20260529_110106_baseline/episode_000002/debug_chunk_rawid_3_003_observation_frame.pt,-2.9042556285858154,1.7276548147201538,1.1260035037994385,0.736931324005127,low_like,1
baseline,episode_000002,2,4,4,debug_runs/20260529_110106_baseline/episode_000002/debug_chunk_rawid_4_004_observation_frame.pt,-1.9147350788116455,2.8550641536712646,0.15777400135993958,0.7611289620399475,low_like,0
baseline,episode_000003,3,0,0,debug_runs/20260529_110106_baseline/episode_000003/debug_chunk_rawid_0_000_observation_frame.pt,-1.48720383644104,0.541344165802002,0.3599173426628113,0.11223600059747696,low_like,1
baseline,episode_000003,3,1,1,debug_runs/20260529_110106_baseline/episode_000003/debug_chunk_rawid_1_001_observation_frame.pt,1.159041166305542,0.8507856130599976,0.6445659399032593,0.224954292178154,low_like,0
baseline,episode_000003,3,2,2,debug_runs/20260529_110106_baseline/episode_000003/debug_chunk_rawid_2_002_observation_frame.pt,-0.8465036153793335,1.1339433193206787,0.3069270849227905,0.3418799042701721,low_like,1
baseline,episode_000003,3,3,3,debug_runs/20260529_110106_baseline/episode_000003/debug_chunk_rawid_3_003_observation_frame.pt,-2.5882530212402344,1.0629584789276123,0.4811345934867859,0.39968669414520264,low_like,1
baseline,episode_000003,3,4,4,debug_runs/20260529_110106_baseline/episode_000003/debug_chunk_rawid_4_004_observation_frame.pt,-1.2709698677062988,2.391284227371216,1.061911702156067,0.6871658563613892,low_like,0
baseline,episode_000004,4,0,0,debug_runs/20260529_110106_baseline/episode_000004/debug_chunk_rawid_0_000_observation_frame.pt,-1.4644997119903564,0.5460760593414307,0.4120723307132721,0.17441076040267944,low_like,1
baseline,episode_000004,4,1,1,debug_runs/20260529_110106_baseline/episode_000004/debug_chunk_rawid_1_001_observation_frame.pt,1.5631238222122192,0.49026164412498474,1.062667965888977,0.6464436650276184,high_like,0
baseline,episode_000004,4,2,2,debug_runs/20260529_110106_baseline/episode_000004/debug_chunk_rawid_2_002_observation_frame.pt,-0.801810085773468,1.3211606740951538,0.8123253583908081,0.6818125247955322,low_like,1
baseline,episode_000004,4,3,3,debug_runs/20260529_110106_baseline/episode_000004/debug_chunk_rawid_3_003_observation_frame.pt,-2.9443113803863525,1.6791534423828125,0.9994475245475769,0.6084340810775757,low_like,1
baseline,episode_000004,4,4,4,debug_runs/20260529_110106_baseline/episode_000004/debug_chunk_rawid_4_004_observation_frame.pt,-1.839438796043396,2.784964084625244,0.20759432017803192,0.6286285519599915,low_like,0
baseline,episode_000005,5,0,0,debug_runs/20260529_110106_baseline/episode_000005/debug_chunk_rawid_0_000_observation_frame.pt,-1.4838863611221313,0.5410432815551758,0.3665325939655304,0.1345967948436737,low_like,1
baseline,episode_000005,5,1,1,debug_runs/20260529_110106_baseline/episode_000005/debug_chunk_rawid_1_001_observation_frame.pt,1.3800183534622192,0.6477313041687012,0.8751742243766785,0.4576883018016815,high_like,0
baseline,episode_000005,5,2,2,debug_runs/20260529_110106_baseline/episode_000005/debug_chunk_rawid_2_002_observation_frame.pt,-0.9770598411560059,1.2878261804580688,0.39641332626342773,0.35158684849739075,low_like,1
baseline,episode_000005,5,3,3,debug_runs/20260529_110106_baseline/episode_000005/debug_chunk_rawid_3_003_observation_frame.pt,-2.833285331726074,1.6180201768875122,1.0415905714035034,0.5571116805076599,low_like,1
baseline,episode_000005,5,4,4,debug_runs/20260529_110106_baseline/episode_000005/debug_chunk_rawid_4_004_observation_frame.pt,-1.992734432220459,2.9421634674072266,0.3184530436992645,0.8019495010375977,low_like,0
baseline,episode_000006,6,0,0,debug_runs/20260529_110106_baseline/episode_000006/debug_chunk_rawid_0_000_observation_frame.pt,-1.730178952217102,0.7537814378738403,0.16986317932605743,0.2103656530380249,low_like,1
baseline,episode_000006,6,1,1,debug_runs/20260529_110106_baseline/episode_000006/debug_chunk_rawid_1_001_observation_frame.pt,-0.5930506587028503,2.6077961921691895,1.1405558586120605,1.5591025352478027,low_like,0
baseline,episode_000006,6,2,2,debug_runs/20260529_110106_baseline/episode_000006/debug_chunk_rawid_2_002_observation_frame.pt,-1.1162950992584229,1.3847044706344604,0.2928043007850647,0.45434755086898804,low_like,1
baseline,episode_000006,6,3,3,debug_runs/20260529_110106_baseline/episode_000006/debug_chunk_rawid_3_003_observation_frame.pt,-2.7275772094726562,1.2778303623199463,0.6112115979194641,0.3994441032409668,low_like,1
baseline,episode_000006,6,4,4,debug_runs/20260529_110106_baseline/episode_000006/debug_chunk_rawid_4_004_observation_frame.pt,-1.5922682285308838,2.5791163444519043,0.5445271730422974,0.452437162399292,low_like,0
baseline,episode_000007,7,0,0,debug_runs/20260529_110106_baseline/episode_000007/debug_chunk_rawid_0_000_observation_frame.pt,-1.5249911546707153,0.5734502077102661,0.32693272829055786,0.11304710805416107,low_like,1
baseline,episode_000007,7,1,1,debug_runs/20260529_110106_baseline/episode_000007/debug_chunk_rawid_1_001_observation_frame.pt,1.7131162881851196,0.36798784136772156,1.2119168043136597,0.7948557138442993,high_like,0
baseline,episode_000007,7,2,2,debug_runs/20260529_110106_baseline/episode_000007/debug_chunk_rawid_2_002_observation_frame.pt,-0.6346051692962646,1.286990761756897,0.9835784435272217,0.8141689300537109,low_like,1
baseline,episode_000007,7,3,3,debug_runs/20260529_110106_baseline/episode_000007/debug_chunk_rawid_3_003_observation_frame.pt,-2.8625974655151367,1.686385989189148,1.1112579107284546,0.6542841792106628,low_like,1
baseline,episode_000007,7,4,4,debug_runs/20260529_110106_baseline/episode_000007/debug_chunk_rawid_4_004_observation_frame.pt,-1.9660476446151733,2.9162397384643555,0.3100298047065735,0.7832934260368347,low_like,0
baseline,episode_000008,8,0,0,debug_runs/20260529_110106_baseline/episode_000008/debug_chunk_rawid_0_000_observation_frame.pt,-1.5893867015838623,0.6373346447944641,0.2909156084060669,0.12730129063129425,low_like,1
baseline,episode_000008,8,1,1,debug_runs/20260529_110106_baseline/episode_000008/debug_chunk_rawid_1_001_observation_frame.pt,0.8894010186195374,1.122678279876709,0.3912861943244934,0.11573120206594467,low_like,0
baseline,episode_000008,8,2,2,debug_runs/20260529_110106_baseline/episode_000008/debug_chunk_rawid_2_002_observation_frame.pt,-0.9929925799369812,1.2836967706680298,0.3297364413738251,0.32561156153678894,low_like,1
baseline,episode_000008,8,3,3,debug_runs/20260529_110106_baseline/episode_000008/debug_chunk_rawid_3_003_observation_frame.pt,-2.8273544311523438,1.6165235042572021,1.046628713607788,0.5600866079330444,low_like,1
baseline,episode_000008,8,4,4,debug_runs/20260529_110106_baseline/episode_000008/debug_chunk_rawid_4_004_observation_frame.pt,-1.9233262538909912,2.864891767501831,0.18416865170001984,0.7578560709953308,low_like,0
baseline,episode_000009,9,0,0,debug_runs/20260529_110106_baseline/episode_000009/debug_chunk_rawid_0_000_observation_frame.pt,-1.412143349647522,0.5093203186988831,0.46042758226394653,0.21428437530994415,low_like,1
baseline,episode_000009,9,1,1,debug_runs/20260529_110106_baseline/episode_000009/debug_chunk_rawid_1_001_observation_frame.pt,1.5544217824935913,0.4869075119495392,1.0489050149917603,0.6300057172775269,high_like,0
baseline,episode_000009,9,2,2,debug_runs/20260529_110106_baseline/episode_000009/debug_chunk_rawid_2_002_observation_frame.pt,-0.8308013677597046,1.1260359287261963,0.33702442049980164,0.29247212409973145,low_like,1
baseline,episode_000009,9,3,3,debug_runs/20260529_110106_baseline/episode_000009/debug_chunk_rawid_3_003_observation_frame.pt,-2.4453556537628174,0.9419273734092712,0.599143922328949,0.3172546625137329,low_like,1
baseline,episode_000009,9,4,4,debug_runs/20260529_110106_baseline/episode_000009/debug_chunk_rawid_4_004_observation_frame.pt,-1.182227373123169,2.3126742839813232,1.115931510925293,0.6893655061721802,low_like,0
high,episode_000000,0,0,0,debug_runs/20260529_112158_high/episode_000000/debug_chunk_rawid_0_000_observation_frame.pt,-0.9623132348060608,0.670926034450531,1.048093318939209,0.9433611035346985,high_like,1
high,episode_000000,0,1,1,debug_runs/20260529_112158_high/episode_000000/debug_chunk_rawid_1_001_observation_frame.pt,2.007786989212036,0.1915472000837326,1.4977024793624878,1.0853220224380493,high_like,0
high,episode_000000,0,2,2,debug_runs/20260529_112158_high/episode_000000/debug_chunk_rawid_2_002_observation_frame.pt,-0.5407710671424866,1.1530059576034546,0.929039716720581,0.7392768263816833,low_like,1
high,episode_000000,0,3,3,debug_runs/20260529_112158_high/episode_000000/debug_chunk_rawid_3_003_observation_frame.pt,-2.089357852935791,1.4015392065048218,1.5356345176696777,0.8670305609703064,high_like,1
high,episode_000000,0,4,4,debug_runs/20260529_112158_high/episode_000000/debug_chunk_rawid_4_004_observation_frame.pt,-1.5897188186645508,2.5417327880859375,0.3450751304626465,0.3929581642150879,low_like,0
high,episode_000001,1,0,0,debug_runs/20260529_112158_high/episode_000001/debug_chunk_rawid_0_000_observation_frame.pt,-0.9899091720581055,0.07979460060596466,0.7823306322097778,0.5797796249389648,high_like,1
high,episode_000001,1,1,1,debug_runs/20260529_112158_high/episode_000001/debug_chunk_rawid_1_001_observation_frame.pt,2.0587973594665527,0.13721394538879395,1.5415546894073486,1.1301994323730469,high_like,0
high,episode_000001,1,2,2,debug_runs/20260529_112158_high/episode_000001/debug_chunk_rawid_2_002_observation_frame.pt,0.728620707988739,0.839246392250061,1.8026403188705444,1.6759438514709473,high_like,1
high,episode_000001,1,3,3,debug_runs/20260529_112158_high/episode_000001/debug_chunk_rawid_3_003_observation_frame.pt,-1.1157017946243286,1.074920654296875,2.017747402191162,2.034566879272461,high_like,1
high,episode_000001,1,4,4,debug_runs/20260529_112158_high/episode_000001/debug_chunk_rawid_4_004_observation_frame.pt,2.2489511966705322,1.3523218631744385,4.070816993713379,3.520392417907715,high_like,0
high,episode_000002,2,0,0,debug_runs/20260529_112158_high/episode_000002/debug_chunk_rawid_0_000_observation_frame.pt,-0.9268985986709595,0.12697280943393707,0.8480904698371887,0.6286041736602783,high_like,1
high,episode_000002,2,1,1,debug_runs/20260529_112158_high/episode_000002/debug_chunk_rawid_1_001_observation_frame.pt,2.0523149967193604,0.11931084096431732,1.533815860748291,1.113006591796875,high_like,0
high,episode_000002,2,2,2,debug_runs/20260529_112158_high/episode_000002/debug_chunk_rawid_2_002_observation_frame.pt,0.7269481420516968,0.7683669328689575,1.7696319818496704,1.6276224851608276,high_like,1
high,episode_000002,2,3,3,debug_runs/20260529_112158_high/episode_000002/debug_chunk_rawid_3_003_observation_frame.pt,-1.280523419380188,0.9542260766029358,1.8437656164169312,1.915766954421997,high_like,1
high,episode_000002,2,4,4,debug_runs/20260529_112158_high/episode_000002/debug_chunk_rawid_4_004_observation_frame.pt,2.214716911315918,1.3018149137496948,4.031062602996826,3.459447145462036,high_like,0
high,episode_000003,3,0,0,debug_runs/20260529_112158_high/episode_000003/debug_chunk_rawid_0_000_observation_frame.pt,-0.9268404841423035,0.12381687760353088,0.847676694393158,0.6333341002464294,high_like,1
high,episode_000003,3,1,1,debug_runs/20260529_112158_high/episode_000003/debug_chunk_rawid_1_001_observation_frame.pt,1.9666564464569092,0.14674338698387146,1.4512367248535156,1.0414878129959106,high_like,0
high,episode_000003,3,2,2,debug_runs/20260529_112158_high/episode_000003/debug_chunk_rawid_2_002_observation_frame.pt,-0.46245086193084717,1.4759260416030884,1.3776267766952515,1.1917668581008911,low_like,1
high,episode_000003,3,3,3,debug_runs/20260529_112158_high/episode_000003/debug_chunk_rawid_3_003_observation_frame.pt,-2.477100372314453,1.6460590362548828,1.448803424835205,0.9469960331916809,low_like,1
high,episode_000004,4,0,0,debug_runs/20260529_112158_high/episode_000004/debug_chunk_rawid_0_000_observation_frame.pt,-0.9636130928993225,0.12389811128377914,0.8134483098983765,0.5903791189193726,high_like,1
high,episode_000004,4,1,1,debug_runs/20260529_112158_high/episode_000004/debug_chunk_rawid_1_001_observation_frame.pt,1.9514456987380981,0.26918724179267883,1.4532541036605835,1.0582164525985718,high_like,0
high,episode_000004,4,2,2,debug_runs/20260529_112158_high/episode_000004/debug_chunk_rawid_2_002_observation_frame.pt,-0.45269373059272766,1.1588741540908813,1.0419379472732544,0.8247969746589661,low_like,1
high,episode_000004,4,3,3,debug_runs/20260529_112158_high/episode_000004/debug_chunk_rawid_3_003_observation_frame.pt,-1.8538076877593994,1.2347887754440308,1.5901862382888794,0.8838001489639282,high_like,1
high,episode_000004,4,4,4,debug_runs/20260529_112158_high/episode_000004/debug_chunk_rawid_4_004_observation_frame.pt,-1.6192291975021362,2.6042978763580322,0.5281587839126587,0.49630481004714966,low_like,0
high,episode_000005,5,0,0,debug_runs/20260529_112158_high/episode_000005/debug_chunk_rawid_0_000_observation_frame.pt,-1.0350359678268433,0.07438188791275024,0.7358037829399109,0.5371543169021606,high_like,1
high,episode_000005,5,1,1,debug_runs/20260529_112158_high/episode_000005/debug_chunk_rawid_1_001_observation_frame.pt,2.056480884552002,0.09057299792766571,1.535872220993042,1.1177767515182495,high_like,0
high,episode_000005,5,2,2,debug_runs/20260529_112158_high/episode_000005/debug_chunk_rawid_2_002_observation_frame.pt,1.0645629167556763,1.2789294719696045,2.2311034202575684,2.122108221054077,high_like,1
high,episode_000005,5,3,3,debug_runs/20260529_112158_high/episode_000005/debug_chunk_rawid_3_003_observation_frame.pt,-0.9693995118141174,1.118532657623291,2.1321165561676025,2.113083600997925,high_like,1
high,episode_000005,5,4,4,debug_runs/20260529_112158_high/episode_000005/debug_chunk_rawid_4_004_observation_frame.pt,2.2894287109375,1.3638169765472412,4.101840972900391,3.540076494216919,high_like,0
high,episode_000006,6,0,0,debug_runs/20260529_112158_high/episode_000006/debug_chunk_rawid_0_000_observation_frame.pt,-0.991320013999939,0.06422034651041031,0.7794973254203796,0.5731080770492554,high_like,1
high,episode_000006,6,1,1,debug_runs/20260529_112158_high/episode_000006/debug_chunk_rawid_1_001_observation_frame.pt,1.999505877494812,0.13614003360271454,1.4833812713623047,1.0632303953170776,high_like,0
high,episode_000006,6,2,2,debug_runs/20260529_112158_high/episode_000006/debug_chunk_rawid_2_002_observation_frame.pt,1.0810655355453491,1.378407597541809,2.298112392425537,2.1920812129974365,high_like,1
high,episode_000006,6,3,3,debug_runs/20260529_112158_high/episode_000006/debug_chunk_rawid_3_003_observation_frame.pt,-1.3393843173980713,0.8818017840385437,1.7646632194519043,1.8515630960464478,high_like,1
high,episode_000006,6,4,4,debug_runs/20260529_112158_high/episode_000006/debug_chunk_rawid_4_004_observation_frame.pt,2.122025966644287,1.1884405612945557,3.9316694736480713,3.360630750656128,high_like,0
high,episode_000007,7,0,0,debug_runs/20260529_112158_high/episode_000007/debug_chunk_rawid_0_000_observation_frame.pt,-1.063107967376709,0.11881197988986969,0.7117377519607544,0.5207176208496094,high_like,1
high,episode_000007,7,1,1,debug_runs/20260529_112158_high/episode_000007/debug_chunk_rawid_1_001_observation_frame.pt,1.8794997930526733,0.16166400909423828,1.3610470294952393,0.9405693411827087,high_like,0
high,episode_000007,7,2,2,debug_runs/20260529_112158_high/episode_000007/debug_chunk_rawid_2_002_observation_frame.pt,-0.03953273594379425,0.3713408410549164,0.9277479648590088,0.7466855049133301,high_like,1
high,episode_000007,7,3,3,debug_runs/20260529_112158_high/episode_000007/debug_chunk_rawid_3_003_observation_frame.pt,-1.4419629573822021,0.923145592212677,1.7096658945083618,1.844366431236267,high_like,1
high,episode_000007,7,4,4,debug_runs/20260529_112158_high/episode_000007/debug_chunk_rawid_4_004_observation_frame.pt,2.3413867950439453,1.411162257194519,4.152332305908203,3.5826239585876465,high_like,0
high,episode_000008,8,0,0,debug_runs/20260529_112158_high/episode_000008/debug_chunk_rawid_0_000_observation_frame.pt,-1.1064897775650024,0.19745004177093506,0.6814253330230713,0.5211999416351318,high_like,1
high,episode_000008,8,1,1,debug_runs/20260529_112158_high/episode_000008/debug_chunk_rawid_1_001_observation_frame.pt,1.9798802137374878,0.19067198038101196,1.4697248935699463,1.064557671546936,high_like,0
high,episode_000008,8,2,2,debug_runs/20260529_112158_high/episode_000008/debug_chunk_rawid_2_002_observation_frame.pt,-0.37143951654434204,1.2952097654342651,1.270031452178955,1.062421202659607,low_like,1
high,episode_000008,8,3,3,debug_runs/20260529_112158_high/episode_000008/debug_chunk_rawid_3_003_observation_frame.pt,-2.2275025844573975,1.4730206727981567,1.4852020740509033,0.8245518207550049,high_like,1
high,episode_000008,8,4,4,debug_runs/20260529_112158_high/episode_000008/debug_chunk_rawid_4_004_observation_frame.pt,-1.7414329051971436,2.708965301513672,0.4048042297363281,0.6097605228424072,low_like,0
high,episode_000009,9,0,0,debug_runs/20260529_112158_high/episode_000009/debug_chunk_rawid_0_000_observation_frame.pt,-0.9825093150138855,0.12118075788021088,0.794861376285553,0.5739678740501404,high_like,1
high,episode_000009,9,1,1,debug_runs/20260529_112158_high/episode_000009/debug_chunk_rawid_1_001_observation_frame.pt,2.0861761569976807,0.17260439693927765,1.5711390972137451,1.150497555732727,high_like,0
high,episode_000009,9,2,2,debug_runs/20260529_112158_high/episode_000009/debug_chunk_rawid_2_002_observation_frame.pt,0.7545080184936523,0.9637330770492554,1.8802589178085327,1.7708003520965576,high_like,1
high,episode_000009,9,3,3,debug_runs/20260529_112158_high/episode_000009/debug_chunk_rawid_3_003_observation_frame.pt,-1.1438417434692383,0.9625968933105469,1.9415338039398193,1.9842106103897095,high_like,1
high,episode_000009,9,4,4,debug_runs/20260529_112158_high/episode_000009/debug_chunk_rawid_4_004_observation_frame.pt,2.175435781478882,1.3406774997711182,4.017014503479004,3.484928846359253,high_like,0
high,episode_000009,9,5,5,debug_runs/20260529_112158_high/episode_000009/debug_chunk_rawid_5_005_observation_frame.pt,-1.2684121131896973,0.0,,0.3172552287578583,unknown,0
low,episode_000000,0,0,0,debug_runs/20260529_112911_low/episode_000000/debug_chunk_rawid_0_000_observation_frame.pt,-1.6424235105514526,0.8639631867408752,0.5855206847190857,0.6586818695068359,low_like,1
low,episode_000000,0,1,1,debug_runs/20260529_112911_low/episode_000000/debug_chunk_rawid_1_001_observation_frame.pt,-0.6831499338150024,2.7308905124664307,1.3004111051559448,1.707727313041687,low_like,0
low,episode_000000,0,2,2,debug_runs/20260529_112911_low/episode_000000/debug_chunk_rawid_2_002_observation_frame.pt,-0.833622395992279,1.0871539115905762,0.14435993134975433,0.286956787109375,low_like,1
low,episode_000000,0,3,3,debug_runs/20260529_112911_low/episode_000000/debug_chunk_rawid_3_003_observation_frame.pt,-2.9576942920684814,1.4177333116531372,0.39324530959129333,1.1016221046447754,low_like,1
low,episode_000000,0,4,4,debug_runs/20260529_112911_low/episode_000000/debug_chunk_rawid_4_004_observation_frame.pt,-1.8207604885101318,2.7598304748535156,0.07953564822673798,0.620345950126648,low_like,0
low,episode_000001,1,0,0,debug_runs/20260529_112911_low/episode_000001/debug_chunk_rawid_0_000_observation_frame.pt,-1.9496806859970093,0.9665606617927551,0.23535853624343872,0.48450353741645813,low_like,1
low,episode_000001,1,1,1,debug_runs/20260529_112911_low/episode_000001/debug_chunk_rawid_1_001_observation_frame.pt,0.7502943873405457,1.2559951543807983,0.24094828963279724,0.20217211544513702,low_like,0
low,episode_000001,1,2,2,debug_runs/20260529_112911_low/episode_000001/debug_chunk_rawid_2_002_observation_frame.pt,-1.0573601722717285,1.3310950994491577,0.2827686667442322,0.36087673902511597,low_like,1
low,episode_000001,1,3,3,debug_runs/20260529_112911_low/episode_000001/debug_chunk_rawid_3_003_observation_frame.pt,-2.9127039909362793,1.6185678243637085,0.9386005401611328,0.6317270398139954,low_like,1
low,episode_000001,1,4,4,debug_runs/20260529_112911_low/episode_000001/debug_chunk_rawid_4_004_observation_frame.pt,-1.9246257543563843,2.8690645694732666,0.2251858115196228,0.7822040319442749,low_like,0
low,episode_000002,2,0,0,debug_runs/20260529_112911_low/episode_000002/debug_chunk_rawid_0_000_observation_frame.pt,-1.7106261253356934,0.719768762588501,0.0947486013174057,0.1931413859128952,low_like,1
low,episode_000002,2,1,1,debug_runs/20260529_112911_low/episode_000002/debug_chunk_rawid_1_001_observation_frame.pt,0.9599578976631165,1.0476479530334473,0.4464537799358368,0.04839004576206207,low_like,0
low,episode_000002,2,2,2,debug_runs/20260529_112911_low/episode_000002/debug_chunk_rawid_2_002_observation_frame.pt,-0.9028388261795044,1.153489589691162,0.07256857305765152,0.2444576472043991,low_like,1
low,episode_000002,2,3,3,debug_runs/20260529_112911_low/episode_000002/debug_chunk_rawid_3_003_observation_frame.pt,-2.726564645767212,1.2266534566879272,0.49802643060684204,1.0996813774108887,low_like,1
low,episode_000002,2,4,4,debug_runs/20260529_112911_low/episode_000002/debug_chunk_rawid_4_004_observation_frame.pt,-1.7518292665481567,2.6905434131622314,0.08540498465299606,0.579500675201416,low_like,0
low,episode_000003,3,0,0,debug_runs/20260529_112911_low/episode_000003/debug_chunk_rawid_0_000_observation_frame.pt,-1.8510427474975586,0.8652448654174805,0.14956742525100708,0.3753698766231537,low_like,1
low,episode_000003,3,1,1,debug_runs/20260529_112911_low/episode_000003/debug_chunk_rawid_1_001_observation_frame.pt,1.0314862728118896,0.9768159985542297,0.5175517201423645,0.11128591746091843,low_like,0
low,episode_000003,3,2,2,debug_runs/20260529_112911_low/episode_000003/debug_chunk_rawid_2_002_observation_frame.pt,-1.0196208953857422,1.2807676792144775,0.1950426548719406,0.30755454301834106,low_like,1
low,episode_000003,3,3,3,debug_runs/20260529_112911_low/episode_000003/debug_chunk_rawid_3_003_observation_frame.pt,-3.013207197189331,1.7083320617675781,0.9587916135787964,0.6423013806343079,low_like,1
low,episode_000003,3,4,4,debug_runs/20260529_112911_low/episode_000003/debug_chunk_rawid_4_004_observation_frame.pt,-1.899487018585205,2.839276075363159,0.13689732551574707,0.7476130723953247,low_like,0
low,episode_000004,4,0,0,debug_runs/20260529_112911_low/episode_000004/debug_chunk_rawid_0_000_observation_frame.pt,-1.7034701108932495,0.714798629283905,0.11364782601594925,0.1767001748085022,low_like,1
low,episode_000004,4,1,1,debug_runs/20260529_112911_low/episode_000004/debug_chunk_rawid_1_001_observation_frame.pt,1.2500807046890259,0.7676578760147095,0.7420738339424133,0.32723119854927063,low_like,0
low,episode_000004,4,2,2,debug_runs/20260529_112911_low/episode_000004/debug_chunk_rawid_2_002_observation_frame.pt,-0.8682794570922852,1.1297976970672607,0.182096466422081,0.17677897214889526,low_like,1
low,episode_000004,4,3,3,debug_runs/20260529_112911_low/episode_000004/debug_chunk_rawid_3_003_observation_frame.pt,-3.0003437995910645,1.5288938283920288,0.609687089920044,0.5403159260749817,low_like,1
low,episode_000004,4,4,4,debug_runs/20260529_112911_low/episode_000004/debug_chunk_rawid_4_004_observation_frame.pt,-1.7816447019577026,2.7210824489593506,0.09379128366708755,0.624721348285675,low_like,0
low,episode_000005,5,0,0,debug_runs/20260529_112911_low/episode_000005/debug_chunk_rawid_0_000_observation_frame.pt,-1.7601624727249146,0.7693094611167908,0.07827620208263397,0.2473030686378479,low_like,1
low,episode_000005,5,1,1,debug_runs/20260529_112911_low/episode_000005/debug_chunk_rawid_1_001_observation_frame.pt,1.0581114292144775,0.9645057320594788,0.568199098110199,0.19967731833457947,low_like,0
low,episode_000005,5,2,2,debug_runs/20260529_112911_low/episode_000005/debug_chunk_rawid_2_002_observation_frame.pt,-0.8886961340904236,1.1449623107910156,0.1386316567659378,0.19564755260944366,low_like,1
low,episode_000005,5,3,3,debug_runs/20260529_112911_low/episode_000005/debug_chunk_rawid_3_003_observation_frame.pt,-2.9342305660247803,1.3500878810882568,0.1678924262523651,0.8007077574729919,low_like,1
low,episode_000005,5,4,4,debug_runs/20260529_112911_low/episode_000005/debug_chunk_rawid_4_004_observation_frame.pt,-1.7034740447998047,2.6452999114990234,0.1774163544178009,0.5457116365432739,low_like,0
low,episode_000006,6,0,0,debug_runs/20260529_112911_low/episode_000006/debug_chunk_rawid_0_000_observation_frame.pt,-1.6849234104156494,0.7021571397781372,0.1539163738489151,0.16209657490253448,low_like,1
low,episode_000006,6,1,1,debug_runs/20260529_112911_low/episode_000006/debug_chunk_rawid_1_001_observation_frame.pt,0.9503597021102905,1.0676681995391846,0.46177011728286743,0.14134380221366882,low_like,0
low,episode_000006,6,2,2,debug_runs/20260529_112911_low/episode_000006/debug_chunk_rawid_2_002_observation_frame.pt,-0.9146934151649475,1.1650453805923462,0.06273187696933746,0.22839666903018951,low_like,1
low,episode_000006,6,3,3,debug_runs/20260529_112911_low/episode_000006/debug_chunk_rawid_3_003_observation_frame.pt,-2.8002266883850098,1.2157368659973145,0.17483288049697876,0.7985137104988098,low_like,1
low,episode_000006,6,4,4,debug_runs/20260529_112911_low/episode_000006/debug_chunk_rawid_4_004_observation_frame.pt,-1.7813328504562378,2.7221779823303223,0.12834998965263367,0.5753861665725708,low_like,0
low,episode_000007,7,0,0,debug_runs/20260529_112911_low/episode_000007/debug_chunk_rawid_0_000_observation_frame.pt,-1.7920666933059692,0.800463855266571,0.07539944350719452,0.2759697139263153,low_like,1
low,episode_000007,7,1,1,debug_runs/20260529_112911_low/episode_000007/debug_chunk_rawid_1_001_observation_frame.pt,0.2618717551231384,1.7425694465637207,0.26440101861953735,0.6840325593948364,low_like,0
low,episode_000007,7,2,2,debug_runs/20260529_112911_low/episode_000007/debug_chunk_rawid_2_002_observation_frame.pt,-0.9952187538146973,1.256346583366394,0.1843208521604538,0.42800456285476685,low_like,1
low,episode_000007,7,3,3,debug_runs/20260529_112911_low/episode_000007/debug_chunk_rawid_3_003_observation_frame.pt,-2.8896031379699707,1.344616174697876,0.35921934247016907,1.0555837154388428,low_like,1
low,episode_000007,7,4,4,debug_runs/20260529_112911_low/episode_000007/debug_chunk_rawid_4_004_observation_frame.pt,-1.7292457818984985,2.6684372425079346,0.11344330757856369,0.552619218826294,low_like,0
low,episode_000008,8,0,0,debug_runs/20260529_112911_low/episode_000008/debug_chunk_rawid_0_000_observation_frame.pt,-1.7742904424667358,0.7828746438026428,0.07301043719053268,0.254680335521698,low_like,1
low,episode_000008,8,1,1,debug_runs/20260529_112911_low/episode_000008/debug_chunk_rawid_1_001_observation_frame.pt,0.30575886368751526,1.6986464262008667,0.22089485824108124,0.6392216682434082,low_like,0
low,episode_000008,8,2,2,debug_runs/20260529_112911_low/episode_000008/debug_chunk_rawid_2_002_observation_frame.pt,-0.9488288760185242,1.2059677839279175,0.14135216176509857,0.36530447006225586,low_like,1
low,episode_000008,8,3,3,debug_runs/20260529_112911_low/episode_000008/debug_chunk_rawid_3_003_observation_frame.pt,-2.7609822750091553,1.2915581464767456,0.5677363872528076,1.1936540603637695,low_like,1
low,episode_000008,8,4,4,debug_runs/20260529_112911_low/episode_000008/debug_chunk_rawid_4_004_observation_frame.pt,-1.7339959144592285,2.674340009689331,0.1353386640548706,0.529519259929657,low_like,0
low,episode_000009,9,0,0,debug_runs/20260529_112911_low/episode_000009/debug_chunk_rawid_0_000_observation_frame.pt,-1.8130663633346558,0.8224895000457764,0.09460695832967758,0.2969086766242981,low_like,1
low,episode_000009,9,1,1,debug_runs/20260529_112911_low/episode_000009/debug_chunk_rawid_1_001_observation_frame.pt,-0.6609840989112854,2.673070192337036,1.2017841339111328,1.6222833395004272,low_like,0
low,episode_000009,9,2,2,debug_runs/20260529_112911_low/episode_000009/debug_chunk_rawid_2_002_observation_frame.pt,-0.9439471364021301,1.2583236694335938,0.4007265567779541,0.5977787375450134,low_like,1
low,episode_000009,9,3,3,debug_runs/20260529_112911_low/episode_000009/debug_chunk_rawid_3_003_observation_frame.pt,-2.894151210784912,1.41753089427948,0.5644986629486084,1.2470488548278809,low_like,1
low,episode_000009,9,4,4,debug_runs/20260529_112911_low/episode_000009/debug_chunk_rawid_4_004_observation_frame.pt,-1.9568618535995483,2.901585578918457,0.2476213276386261,0.8330011367797852,low_like,0
