condition,episode,save_idx,path,nearest_condition,nearest_episode,nearest_save_idx,nearest_path,obs_distance,action_distance,same_condition,same_save_idx,obs_distance_rank_pct,action_distance_rank_pct,mismatch_score
low,episode_000002,0,debug_runs/20260529_112911_low/episode_000002/debug_chunk_rawid_0_000_observation_frame.pt,high,episode_000003,0,debug_runs/20260529_112158_high/episode_000003/debug_chunk_rawid_0_000_observation_frame.pt,12.417186737060547,0.7851793169975281,0,1,0.1456953642384106,0.8675496688741722,0.7411517038726372
baseline,episode_000000,0,debug_runs/20260529_110106_baseline/episode_000000/debug_chunk_rawid_0_000_observation_frame.pt,low,episode_000007,0,debug_runs/20260529_112911_low/episode_000007/debug_chunk_rawid_0_000_observation_frame.pt,17.322946548461914,1.0236057043075562,0,1,0.304635761589404,0.9602649006622517,0.6677338713214332
high,episode_000006,2,debug_runs/20260529_112158_high/episode_000006/debug_chunk_rawid_2_002_observation_frame.pt,high,episode_000009,2,debug_runs/20260529_112158_high/episode_000009/debug_chunk_rawid_2_002_observation_frame.pt,12.404951095581055,0.4433303475379944,1,1,0.1357615894039735,0.7649006622516556,0.661056532608219
high,episode_000009,2,debug_runs/20260529_112158_high/episode_000009/debug_chunk_rawid_2_002_observation_frame.pt,high,episode_000006,2,debug_runs/20260529_112158_high/episode_000006/debug_chunk_rawid_2_002_observation_frame.pt,12.404951095581055,0.4433303475379944,1,1,0.1357615894039735,0.7649006622516556,0.661056532608219
baseline,episode_000001,0,debug_runs/20260529_110106_baseline/episode_000001/debug_chunk_rawid_0_000_observation_frame.pt,high,episode_000003,0,debug_runs/20260529_112158_high/episode_000003/debug_chunk_rawid_0_000_observation_frame.pt,16.248828887939453,0.564936101436615,0,1,0.271523178807947,0.8344370860927153,0.6078680759615807
low,episode_000008,0,debug_runs/20260529_112911_low/episode_000008/debug_chunk_rawid_0_000_observation_frame.pt,baseline,episode_000009,0,debug_runs/20260529_110106_baseline/episode_000009/debug_chunk_rawid_0_000_observation_frame.pt,13.442749977111816,0.4317455589771271,0,1,0.17880794701986755,0.7350993377483444,0.6036577343098987
baseline,episode_000009,0,debug_runs/20260529_110106_baseline/episode_000009/debug_chunk_rawid_0_000_observation_frame.pt,baseline,episode_000006,0,debug_runs/20260529_110106_baseline/episode_000006/debug_chunk_rawid_0_000_observation_frame.pt,11.644305229187012,0.3509434759616852,1,1,0.10927152317880795,0.6589403973509934,0.5869369764484014
baseline,episode_000006,0,debug_runs/20260529_110106_baseline/episode_000006/debug_chunk_rawid_0_000_observation_frame.pt,baseline,episode_000009,0,debug_runs/20260529_110106_baseline/episode_000009/debug_chunk_rawid_0_000_observation_frame.pt,11.644305229187012,0.3509434759616852,1,1,0.10927152317880795,0.6589403973509934,0.5869369764484014
high,episode_000002,0,debug_runs/20260529_112158_high/episode_000002/debug_chunk_rawid_0_000_observation_frame.pt,baseline,episode_000003,0,debug_runs/20260529_110106_baseline/episode_000003/debug_chunk_rawid_0_000_observation_frame.pt,18.12997055053711,0.5779798030853271,0,1,0.31788079470198677,0.8410596026490066,0.5737029077672031
low,episode_000001,0,debug_runs/20260529_112911_low/episode_000001/debug_chunk_rawid_0_000_observation_frame.pt,low,episode_000002,0,debug_runs/20260529_112911_low/episode_000002/debug_chunk_rawid_0_000_observation_frame.pt,12.559516906738281,0.30904462933540344,1,1,0.15894039735099338,0.609271523178808,0.5124336651901232
baseline,episode_000002,4,debug_runs/20260529_110106_baseline/episode_000002/debug_chunk_rawid_4_004_observation_frame.pt,baseline,episode_000005,4,debug_runs/20260529_110106_baseline/episode_000005/debug_chunk_rawid_4_004_observation_frame.pt,14.36306381225586,0.28582268953323364,1,1,0.1986754966887417,0.5562913907284768,0.4457699223718258
high,episode_000004,3,debug_runs/20260529_112158_high/episode_000004/debug_chunk_rawid_3_003_observation_frame.pt,high,episode_000000,3,debug_runs/20260529_112158_high/episode_000000/debug_chunk_rawid_3_003_observation_frame.pt,20.984729766845703,0.44333571195602417,1,1,0.4337748344370861,0.7781456953642384,0.44060567518968463
high,episode_000000,3,debug_runs/20260529_112158_high/episode_000000/debug_chunk_rawid_3_003_observation_frame.pt,high,episode_000004,3,debug_runs/20260529_112158_high/episode_000004/debug_chunk_rawid_3_003_observation_frame.pt,20.984729766845703,0.44333571195602417,1,1,0.4337748344370861,0.7781456953642384,0.44060567518968463
baseline,episode_000002,2,debug_runs/20260529_110106_baseline/episode_000002/debug_chunk_rawid_2_002_observation_frame.pt,baseline,episode_000004,2,debug_runs/20260529_110106_baseline/episode_000004/debug_chunk_rawid_2_002_observation_frame.pt,18.154460906982422,0.32255256175994873,1,1,0.32781456953642385,0.6324503311258278,0.42512389807464585
baseline,episode_000004,2,debug_runs/20260529_110106_baseline/episode_000004/debug_chunk_rawid_2_002_observation_frame.pt,baseline,episode_000002,2,debug_runs/20260529_110106_baseline/episode_000002/debug_chunk_rawid_2_002_observation_frame.pt,18.154460906982422,0.32255256175994873,1,1,0.32781456953642385,0.6324503311258278,0.42512389807464585
low,episode_000006,3,debug_runs/20260529_112911_low/episode_000006/debug_chunk_rawid_3_003_observation_frame.pt,low,episode_000005,3,debug_runs/20260529_112911_low/episode_000005/debug_chunk_rawid_3_003_observation_frame.pt,17.084936141967773,0.2860744893550873,1,1,0.28807947019867547,0.5662251655629139,0.40310731985439235
low,episode_000005,3,debug_runs/20260529_112911_low/episode_000005/debug_chunk_rawid_3_003_observation_frame.pt,low,episode_000006,3,debug_runs/20260529_112911_low/episode_000006/debug_chunk_rawid_3_003_observation_frame.pt,17.084936141967773,0.2860744893550873,1,1,0.28807947019867547,0.5662251655629139,0.40310731985439235
low,episode_000009,0,debug_runs/20260529_112911_low/episode_000009/debug_chunk_rawid_0_000_observation_frame.pt,high,episode_000008,0,debug_runs/20260529_112158_high/episode_000008/debug_chunk_rawid_0_000_observation_frame.pt,22.69759178161621,0.7300554513931274,0,1,0.5298013245033113,0.8543046357615894,0.4016929082057804
low,episode_000005,4,debug_runs/20260529_112911_low/episode_000005/debug_chunk_rawid_4_004_observation_frame.pt,low,episode_000003,4,debug_runs/20260529_112911_low/episode_000003/debug_chunk_rawid_4_004_observation_frame.pt,17.589580535888672,0.2971591651439667,1,1,0.31125827814569534,0.5827814569536424,0.4013859041270119
low,episode_000003,0,debug_runs/20260529_112911_low/episode_000003/debug_chunk_rawid_0_000_observation_frame.pt,high,episode_000001,0,debug_runs/20260529_112158_high/episode_000001/debug_chunk_rawid_0_000_observation_frame.pt,23.302108764648438,0.8673133850097656,0,1,0.5629139072847682,0.8940397350993378,0.39077233454673044
low,episode_000000,0,debug_runs/20260529_112911_low/episode_000000/debug_chunk_rawid_0_000_observation_frame.pt,high,episode_000009,0,debug_runs/20260529_112158_high/episode_000009/debug_chunk_rawid_0_000_observation_frame.pt,24.59324836730957,0.9364862442016602,0,1,0.5761589403973509,0.9139072847682119,0.38735143195473887
high,episode_000009,3,debug_runs/20260529_112158_high/episode_000009/debug_chunk_rawid_3_003_observation_frame.pt,high,episode_000005,3,debug_runs/20260529_112158_high/episode_000005/debug_chunk_rawid_3_003_observation_frame.pt,21.667295455932617,0.39040520787239075,1,1,0.46688741721854304,0.7185430463576159,0.38306433928336475
high,episode_000005,3,debug_runs/20260529_112158_high/episode_000005/debug_chunk_rawid_3_003_observation_frame.pt,high,episode_000009,3,debug_runs/20260529_112158_high/episode_000009/debug_chunk_rawid_3_003_observation_frame.pt,21.667295455932617,0.39040520787239075,1,1,0.46688741721854304,0.7185430463576159,0.38306433928336475
baseline,episode_000006,4,debug_runs/20260529_110106_baseline/episode_000006/debug_chunk_rawid_4_004_observation_frame.pt,baseline,episode_000003,4,debug_runs/20260529_110106_baseline/episode_000003/debug_chunk_rawid_4_004_observation_frame.pt,23.046287536621094,0.5321548581123352,1,1,0.5364238410596026,0.8211920529801324,0.3806850576729091
baseline,episode_000008,4,debug_runs/20260529_110106_baseline/episode_000008/debug_chunk_rawid_4_004_observation_frame.pt,baseline,episode_000004,4,debug_runs/20260529_110106_baseline/episode_000004/debug_chunk_rawid_4_004_observation_frame.pt,14.867809295654297,0.23012296855449677,1,1,0.2251655629139073,0.47019867549668876,0.3643261260471032
low,episode_000000,3,debug_runs/20260529_112911_low/episode_000000/debug_chunk_rawid_3_003_observation_frame.pt,low,episode_000004,3,debug_runs/20260529_112911_low/episode_000004/debug_chunk_rawid_3_003_observation_frame.pt,26.038301467895508,0.9743314385414124,1,1,0.6125827814569537,0.9238410596026491,0.357911933687119
low,episode_000004,3,debug_runs/20260529_112911_low/episode_000004/debug_chunk_rawid_3_003_observation_frame.pt,low,episode_000000,3,debug_runs/20260529_112911_low/episode_000000/debug_chunk_rawid_3_003_observation_frame.pt,26.038301467895508,0.9743314385414124,1,1,0.6125827814569537,0.9238410596026491,0.357911933687119
baseline,episode_000006,3,debug_runs/20260529_110106_baseline/episode_000006/debug_chunk_rawid_3_003_observation_frame.pt,low,episode_000002,3,debug_runs/20260529_112911_low/episode_000002/debug_chunk_rawid_3_003_observation_frame.pt,26.481277465820312,1.011613130569458,0,1,0.6225165562913907,0.9470198675496688,0.35748432086312004
low,episode_000002,3,debug_runs/20260529_112911_low/episode_000002/debug_chunk_rawid_3_003_observation_frame.pt,low,episode_000006,3,debug_runs/20260529_112911_low/episode_000006/debug_chunk_rawid_3_003_observation_frame.pt,21.787582397460938,0.35438859462738037,1,1,0.4768211920529801,0.6754966887417219,0.35340555238805316
low,episode_000007,4,debug_runs/20260529_112911_low/episode_000007/debug_chunk_rawid_4_004_observation_frame.pt,baseline,episode_000005,4,debug_runs/20260529_110106_baseline/episode_000005/debug_chunk_rawid_4_004_observation_frame.pt,22.548051834106445,0.41161733865737915,0,1,0.5231788079470199,0.7284768211920529,0.3473531862637603
baseline,episode_000004,4,debug_runs/20260529_110106_baseline/episode_000004/debug_chunk_rawid_4_004_observation_frame.pt,baseline,episode_000005,4,debug_runs/20260529_110106_baseline/episode_000005/debug_chunk_rawid_4_004_observation_frame.pt,12.249272346496582,0.19435802102088928,1,1,0.12251655629139073,0.38741721854304634,0.3399521950791632
baseline,episode_000005,4,debug_runs/20260529_110106_baseline/episode_000005/debug_chunk_rawid_4_004_observation_frame.pt,baseline,episode_000004,4,debug_runs/20260529_110106_baseline/episode_000004/debug_chunk_rawid_4_004_observation_frame.pt,12.249272346496582,0.19435802102088928,1,1,0.12251655629139073,0.38741721854304634,0.3399521950791632
low,episode_000001,1,debug_runs/20260529_112911_low/episode_000001/debug_chunk_rawid_1_001_observation_frame.pt,low,episode_000003,1,debug_runs/20260529_112911_low/episode_000003/debug_chunk_rawid_1_001_observation_frame.pt,20.342754364013672,0.2952151894569397,1,1,0.4105960264900662,0.5761589403973509,0.33959036884347177
high,episode_000000,4,debug_runs/20260529_112158_high/episode_000000/debug_chunk_rawid_4_004_observation_frame.pt,high,episode_000004,4,debug_runs/20260529_112158_high/episode_000004/debug_chunk_rawid_4_004_observation_frame.pt,18.60068130493164,0.2403980791568756,1,1,0.34105960264900664,0.5132450331125827,0.33819788605762896
high,episode_000004,4,debug_runs/20260529_112158_high/episode_000004/debug_chunk_rawid_4_004_observation_frame.pt,high,episode_000000,4,debug_runs/20260529_112158_high/episode_000000/debug_chunk_rawid_4_004_observation_frame.pt,18.60068130493164,0.2403980791568756,1,1,0.34105960264900664,0.5132450331125827,0.33819788605762896
low,episode_000002,4,debug_runs/20260529_112911_low/episode_000002/debug_chunk_rawid_4_004_observation_frame.pt,low,episode_000001,4,debug_runs/20260529_112911_low/episode_000001/debug_chunk_rawid_4_004_observation_frame.pt,19.372371673583984,0.27621012926101685,1,1,0.37748344370860926,0.543046357615894,0.3380553484496294
high,episode_000007,3,debug_runs/20260529_112158_high/episode_000007/debug_chunk_rawid_3_003_observation_frame.pt,high,episode_000005,3,debug_runs/20260529_112158_high/episode_000005/debug_chunk_rawid_3_003_observation_frame.pt,27.092037200927734,0.910379946231842,1,1,0.6357615894039735,0.9072847682119205,0.3304679619314942
low,episode_000009,4,debug_runs/20260529_112911_low/episode_000009/debug_chunk_rawid_4_004_observation_frame.pt,high,episode_000008,4,debug_runs/20260529_112158_high/episode_000008/debug_chunk_rawid_4_004_observation_frame.pt,25.62429428100586,0.47178179025650024,0,1,0.6026490066225165,0.7947019867549668,0.3157756238761458
high,episode_000008,4,debug_runs/20260529_112158_high/episode_000008/debug_chunk_rawid_4_004_observation_frame.pt,baseline,episode_000004,4,debug_runs/20260529_110106_baseline/episode_000004/debug_chunk_rawid_4_004_observation_frame.pt,20.88850975036621,0.2402046024799347,0,1,0.423841059602649,0.5033112582781457,0.28998728125959394
low,episode_000007,3,debug_runs/20260529_112911_low/episode_000007/debug_chunk_rawid_3_003_observation_frame.pt,low,episode_000005,3,debug_runs/20260529_112911_low/episode_000005/debug_chunk_rawid_3_003_observation_frame.pt,24.94884490966797,0.35603171586990356,1,1,0.5827814569536424,0.6887417218543046,0.2873558177272927
baseline,episode_000004,0,debug_runs/20260529_110106_baseline/episode_000004/debug_chunk_rawid_0_000_observation_frame.pt,baseline,episode_000002,0,debug_runs/20260529_110106_baseline/episode_000002/debug_chunk_rawid_0_000_observation_frame.pt,5.835241794586182,0.1693287342786789,1,1,0.023178807947019868,0.28807947019867547,0.2814021314854611
baseline,episode_000002,0,debug_runs/20260529_110106_baseline/episode_000002/debug_chunk_rawid_0_000_observation_frame.pt,baseline,episode_000004,0,debug_runs/20260529_110106_baseline/episode_000004/debug_chunk_rawid_0_000_observation_frame.pt,5.835241794586182,0.1693287342786789,1,1,0.023178807947019868,0.28807947019867547,0.2814021314854611
high,episode_000008,1,debug_runs/20260529_112158_high/episode_000008/debug_chunk_rawid_1_001_observation_frame.pt,high,episode_000005,1,debug_runs/20260529_112158_high/episode_000005/debug_chunk_rawid_1_001_observation_frame.pt,19.282947540283203,0.21913766860961914,1,1,0.3675496688741722,0.44039735099337746,0.278529450462699
high,episode_000005,1,debug_runs/20260529_112158_high/episode_000005/debug_chunk_rawid_1_001_observation_frame.pt,high,episode_000008,1,debug_runs/20260529_112158_high/episode_000008/debug_chunk_rawid_1_001_observation_frame.pt,19.282947540283203,0.21913766860961914,1,1,0.3675496688741722,0.44039735099337746,0.278529450462699
low,episode_000000,4,debug_runs/20260529_112911_low/episode_000000/debug_chunk_rawid_4_004_observation_frame.pt,low,episode_000003,4,debug_runs/20260529_112911_low/episode_000003/debug_chunk_rawid_4_004_observation_frame.pt,13.030987739562988,0.17308038473129272,1,1,0.16887417218543047,0.31456953642384106,0.2614468663655103
low,episode_000003,4,debug_runs/20260529_112911_low/episode_000003/debug_chunk_rawid_4_004_observation_frame.pt,low,episode_000000,4,debug_runs/20260529_112911_low/episode_000000/debug_chunk_rawid_4_004_observation_frame.pt,13.030987739562988,0.17308038473129272,1,1,0.16887417218543047,0.31456953642384106,0.2614468663655103
low,episode_000002,2,debug_runs/20260529_112911_low/episode_000002/debug_chunk_rawid_2_002_observation_frame.pt,low,episode_000003,2,debug_runs/20260529_112911_low/episode_000003/debug_chunk_rawid_2_002_observation_frame.pt,20.41279411315918,0.21634331345558167,1,1,0.41721854304635764,0.4304635761589404,0.25086619007938243
baseline,episode_000001,2,debug_runs/20260529_110106_baseline/episode_000001/debug_chunk_rawid_2_002_observation_frame.pt,baseline,episode_000003,2,debug_runs/20260529_110106_baseline/episode_000003/debug_chunk_rawid_2_002_observation_frame.pt,27.893299102783203,0.46114540100097656,1,1,0.6821192052980133,0.7880794701986755,0.2505153282750756
high,episode_000004,1,debug_runs/20260529_112158_high/episode_000004/debug_chunk_rawid_1_001_observation_frame.pt,high,episode_000000,1,debug_runs/20260529_112158_high/episode_000000/debug_chunk_rawid_1_001_observation_frame.pt,27.30631446838379,0.3846900165081024,1,1,0.6456953642384106,0.7052980132450332,0.24989035568615417
high,episode_000000,1,debug_runs/20260529_112158_high/episode_000000/debug_chunk_rawid_1_001_observation_frame.pt,high,episode_000004,1,debug_runs/20260529_112158_high/episode_000004/debug_chunk_rawid_1_001_observation_frame.pt,27.30631446838379,0.3846900165081024,1,1,0.6456953642384106,0.7052980132450332,0.24989035568615417
low,episode_000003,3,debug_runs/20260529_112911_low/episode_000003/debug_chunk_rawid_3_003_observation_frame.pt,low,episode_000001,3,debug_runs/20260529_112911_low/episode_000001/debug_chunk_rawid_3_003_observation_frame.pt,28.329750061035156,0.4823704659938812,1,1,0.6920529801324503,0.804635761589404,0.24778518486031315
low,episode_000001,3,debug_runs/20260529_112911_low/episode_000001/debug_chunk_rawid_3_003_observation_frame.pt,low,episode_000003,3,debug_runs/20260529_112911_low/episode_000003/debug_chunk_rawid_3_003_observation_frame.pt,28.329750061035156,0.4823704659938812,1,1,0.6920529801324503,0.804635761589404,0.24778518486031315
low,episode_000004,4,debug_runs/20260529_112911_low/episode_000004/debug_chunk_rawid_4_004_observation_frame.pt,baseline,episode_000002,4,debug_runs/20260529_110106_baseline/episode_000002/debug_chunk_rawid_4_004_observation_frame.pt,19.610595703125,0.20293475687503815,0,1,0.39072847682119205,0.3973509933774834,0.24209464497171176
high,episode_000005,0,debug_runs/20260529_112158_high/episode_000005/debug_chunk_rawid_0_000_observation_frame.pt,high,episode_000008,0,debug_runs/20260529_112158_high/episode_000008/debug_chunk_rawid_0_000_observation_frame.pt,11.038174629211426,0.15079592168331146,1,1,0.08609271523178808,0.2582781456953642,0.23604227884741896
baseline,episode_000001,3,debug_runs/20260529_110106_baseline/episode_000001/debug_chunk_rawid_3_003_observation_frame.pt,baseline,episode_000003,3,debug_runs/20260529_110106_baseline/episode_000003/debug_chunk_rawid_3_003_observation_frame.pt,26.780529022216797,0.306901752948761,1,1,0.6291390728476821,0.6026490066225165,0.22349896934344984
low,episode_000007,1,debug_runs/20260529_112911_low/episode_000007/debug_chunk_rawid_1_001_observation_frame.pt,low,episode_000005,1,debug_runs/20260529_112911_low/episode_000005/debug_chunk_rawid_1_001_observation_frame.pt,29.74286460876465,0.8244295716285706,1,1,0.7483443708609272,0.8741721854304636,0.21999035130038153
baseline,episode_000003,1,debug_runs/20260529_110106_baseline/episode_000003/debug_chunk_rawid_1_001_observation_frame.pt,baseline,episode_000005,1,debug_runs/20260529_110106_baseline/episode_000005/debug_chunk_rawid_1_001_observation_frame.pt,23.195531845092773,0.23828725516796112,1,1,0.5562913907284768,0.4900662251655629,0.21744660321915707
baseline,episode_000006,1,debug_runs/20260529_110106_baseline/episode_000006/debug_chunk_rawid_1_001_observation_frame.pt,baseline,episode_000008,1,debug_runs/20260529_110106_baseline/episode_000008/debug_chunk_rawid_1_001_observation_frame.pt,31.99237060546875,1.5230106115341187,1,1,0.7814569536423841,0.9801324503311258,0.2142011315293189
baseline,episode_000007,0,debug_runs/20260529_110106_baseline/episode_000007/debug_chunk_rawid_0_000_observation_frame.pt,baseline,episode_000009,0,debug_runs/20260529_110106_baseline/episode_000009/debug_chunk_rawid_0_000_observation_frame.pt,12.492830276489258,0.14683876931667328,1,1,0.152317880794702,0.25165562913907286,0.21332397701855182
high,episode_000000,0,debug_runs/20260529_112158_high/episode_000000/debug_chunk_rawid_0_000_observation_frame.pt,high,episode_000009,0,debug_runs/20260529_112158_high/episode_000009/debug_chunk_rawid_0_000_observation_frame.pt,30.5076961517334,0.7708700895309448,1,1,0.7615894039735099,0.8609271523178808,0.20525415551949475
low,episode_000003,2,debug_runs/20260529_112911_low/episode_000003/debug_chunk_rawid_2_002_observation_frame.pt,low,episode_000006,2,debug_runs/20260529_112911_low/episode_000006/debug_chunk_rawid_2_002_observation_frame.pt,20.16099739074707,0.17520250380039215,1,1,0.40066225165562913,0.32781456953642385,0.19647164598043948
low,episode_000006,2,debug_runs/20260529_112911_low/episode_000006/debug_chunk_rawid_2_002_observation_frame.pt,low,episode_000003,2,debug_runs/20260529_112911_low/episode_000003/debug_chunk_rawid_2_002_observation_frame.pt,20.16099739074707,0.17520250380039215,1,1,0.40066225165562913,0.32781456953642385,0.19647164598043948
baseline,episode_000002,3,debug_runs/20260529_110106_baseline/episode_000002/debug_chunk_rawid_3_003_observation_frame.pt,baseline,episode_000005,3,debug_runs/20260529_110106_baseline/episode_000005/debug_chunk_rawid_3_003_observation_frame.pt,30.838438034057617,0.5539253354072571,1,1,0.7682119205298014,0.8278145695364238,0.1918775492302969
low,episode_000008,1,debug_runs/20260529_112911_low/episode_000008/debug_chunk_rawid_1_001_observation_frame.pt,low,episode_000009,1,debug_runs/20260529_112911_low/episode_000009/debug_chunk_rawid_1_001_observation_frame.pt,33.275760650634766,0.9880066514015198,1,1,0.7980132450331126,0.9370860927152318,0.1892789789921495
low,episode_000009,1,debug_runs/20260529_112911_low/episode_000009/debug_chunk_rawid_1_001_observation_frame.pt,low,episode_000008,1,debug_runs/20260529_112911_low/episode_000008/debug_chunk_rawid_1_001_observation_frame.pt,33.275760650634766,0.9880066514015198,1,1,0.7980132450331126,0.9370860927152318,0.1892789789921495
high,episode_000008,0,debug_runs/20260529_112158_high/episode_000008/debug_chunk_rawid_0_000_observation_frame.pt,high,episode_000007,0,debug_runs/20260529_112158_high/episode_000007/debug_chunk_rawid_0_000_observation_frame.pt,7.94440221786499,0.11406777054071426,1,1,0.052980132450331126,0.1986754966887417,0.18814964255953684
baseline,episode_000008,1,debug_runs/20260529_110106_baseline/episode_000008/debug_chunk_rawid_1_001_observation_frame.pt,baseline,episode_000002,1,debug_runs/20260529_110106_baseline/episode_000002/debug_chunk_rawid_1_001_observation_frame.pt,29.236854553222656,0.35562029480934143,1,1,0.7284768211920529,0.6821192052980133,0.18521117494846723
baseline,episode_000003,3,debug_runs/20260529_110106_baseline/episode_000003/debug_chunk_rawid_3_003_observation_frame.pt,baseline,episode_000009,3,debug_runs/20260529_110106_baseline/episode_000009/debug_chunk_rawid_3_003_observation_frame.pt,22.238794326782227,0.19234563410282135,1,1,0.5,0.3675496688741722,0.1837748344370861
baseline,episode_000009,3,debug_runs/20260529_110106_baseline/episode_000009/debug_chunk_rawid_3_003_observation_frame.pt,baseline,episode_000003,3,debug_runs/20260529_110106_baseline/episode_000003/debug_chunk_rawid_3_003_observation_frame.pt,22.238794326782227,0.19234563410282135,1,1,0.5,0.3675496688741722,0.1837748344370861
low,episode_000001,4,debug_runs/20260529_112911_low/episode_000001/debug_chunk_rawid_4_004_observation_frame.pt,low,episode_000003,4,debug_runs/20260529_112911_low/episode_000003/debug_chunk_rawid_4_004_observation_frame.pt,14.492286682128906,0.13102689385414124,1,1,0.2052980132450331,0.2251655629139073,0.17893952019648263
baseline,episode_000000,5,debug_runs/20260529_110106_baseline/episode_000000/debug_chunk_rawid_5_005_observation_frame.pt,high,episode_000009,5,debug_runs/20260529_112158_high/episode_000009/debug_chunk_rawid_5_005_observation_frame.pt,28.898590087890625,0.3172565996646881,0,1,0.7119205298013245,0.6192052980132451,0.17838033419586863
high,episode_000009,5,debug_runs/20260529_112158_high/episode_000009/debug_chunk_rawid_5_005_observation_frame.pt,baseline,episode_000000,5,debug_runs/20260529_110106_baseline/episode_000000/debug_chunk_rawid_5_005_observation_frame.pt,28.898590087890625,0.3172565996646881,0,1,0.7119205298013245,0.6192052980132451,0.17838033419586863
low,episode_000006,0,debug_runs/20260529_112911_low/episode_000006/debug_chunk_rawid_0_000_observation_frame.pt,low,episode_000005,0,debug_runs/20260529_112911_low/episode_000005/debug_chunk_rawid_0_000_observation_frame.pt,13.70208740234375,0.11848645657300949,1,1,0.18874172185430463,0.2152317880794702,0.17460856979957018
low,episode_000005,0,debug_runs/20260529_112911_low/episode_000005/debug_chunk_rawid_0_000_observation_frame.pt,low,episode_000006,0,debug_runs/20260529_112911_low/episode_000006/debug_chunk_rawid_0_000_observation_frame.pt,13.70208740234375,0.11848645657300949,1,1,0.18874172185430463,0.2152317880794702,0.17460856979957018
high,episode_000002,1,debug_runs/20260529_112158_high/episode_000002/debug_chunk_rawid_1_001_observation_frame.pt,high,episode_000001,1,debug_runs/20260529_112158_high/episode_000001/debug_chunk_rawid_1_001_observation_frame.pt,25.044092178344727,0.21182629466056824,1,1,0.5927152317880795,0.4205298013245033,0.1712753826586553
high,episode_000001,1,debug_runs/20260529_112158_high/episode_000001/debug_chunk_rawid_1_001_observation_frame.pt,high,episode_000002,1,debug_runs/20260529_112158_high/episode_000002/debug_chunk_rawid_1_001_observation_frame.pt,25.044092178344727,0.21182629466056824,1,1,0.5927152317880795,0.4205298013245033,0.1712753826586553
baseline,episode_000007,1,debug_runs/20260529_110106_baseline/episode_000007/debug_chunk_rawid_1_001_observation_frame.pt,baseline,episode_000009,1,debug_runs/20260529_110106_baseline/episode_000009/debug_chunk_rawid_1_001_observation_frame.pt,22.26943588256836,0.17564013600349426,1,1,0.5132450331125827,0.347682119205298,0.16923599842112189
baseline,episode_000009,1,debug_runs/20260529_110106_baseline/episode_000009/debug_chunk_rawid_1_001_observation_frame.pt,baseline,episode_000007,1,debug_runs/20260529_110106_baseline/episode_000007/debug_chunk_rawid_1_001_observation_frame.pt,22.26943588256836,0.17564013600349426,1,1,0.5132450331125827,0.347682119205298,0.16923599842112189
baseline,episode_000008,0,debug_runs/20260529_110106_baseline/episode_000008/debug_chunk_rawid_0_000_observation_frame.pt,baseline,episode_000005,0,debug_runs/20260529_110106_baseline/episode_000005/debug_chunk_rawid_0_000_observation_frame.pt,5.811764717102051,0.10670928657054901,1,1,0.009933774834437087,0.16887417218543047,0.16719661418358844
baseline,episode_000005,0,debug_runs/20260529_110106_baseline/episode_000005/debug_chunk_rawid_0_000_observation_frame.pt,baseline,episode_000008,0,debug_runs/20260529_110106_baseline/episode_000008/debug_chunk_rawid_0_000_observation_frame.pt,5.811764717102051,0.10670928657054901,1,1,0.009933774834437087,0.16887417218543047,0.16719661418358844
baseline,episode_000007,2,debug_runs/20260529_110106_baseline/episode_000007/debug_chunk_rawid_2_002_observation_frame.pt,baseline,episode_000004,2,debug_runs/20260529_110106_baseline/episode_000004/debug_chunk_rawid_2_002_observation_frame.pt,28.37410545349121,0.26158207654953003,1,1,0.7019867549668874,0.5364238410596026,0.15986140958729878
high,episode_000007,1,debug_runs/20260529_112158_high/episode_000007/debug_chunk_rawid_1_001_observation_frame.pt,high,episode_000006,1,debug_runs/20260529_112158_high/episode_000006/debug_chunk_rawid_1_001_observation_frame.pt,19.449787139892578,0.13404187560081482,1,1,0.3841059602649007,0.24503311258278146,0.1509144335774747
high,episode_000006,4,debug_runs/20260529_112158_high/episode_000006/debug_chunk_rawid_4_004_observation_frame.pt,high,episode_000005,4,debug_runs/20260529_112158_high/episode_000005/debug_chunk_rawid_4_004_observation_frame.pt,27.876419067382812,0.22351764142513275,1,1,0.6721854304635762,0.45364238410596025,0.1487105828691724
high,episode_000005,4,debug_runs/20260529_112158_high/episode_000005/debug_chunk_rawid_4_004_observation_frame.pt,high,episode_000006,4,debug_runs/20260529_112158_high/episode_000006/debug_chunk_rawid_4_004_observation_frame.pt,27.876419067382812,0.22351764142513275,1,1,0.6721854304635762,0.45364238410596025,0.1487105828691724
low,episode_000008,4,debug_runs/20260529_112911_low/episode_000008/debug_chunk_rawid_4_004_observation_frame.pt,low,episode_000009,4,debug_runs/20260529_112911_low/episode_000009/debug_chunk_rawid_4_004_observation_frame.pt,32.035606384277344,0.37758633494377136,1,1,0.7880794701986755,0.695364238410596,0.14736195780886802
low,episode_000004,1,debug_runs/20260529_112911_low/episode_000004/debug_chunk_rawid_1_001_observation_frame.pt,low,episode_000002,1,debug_runs/20260529_112911_low/episode_000002/debug_chunk_rawid_1_001_observation_frame.pt,29.936843872070312,0.2991391122341156,1,1,0.7549668874172185,0.5894039735099338,0.14442349019779838
high,episode_000007,0,debug_runs/20260529_112158_high/episode_000007/debug_chunk_rawid_0_000_observation_frame.pt,high,episode_000006,0,debug_runs/20260529_112158_high/episode_000006/debug_chunk_rawid_0_000_observation_frame.pt,7.346458911895752,0.09761717915534973,1,1,0.046357615894039736,0.1456953642384106,0.13894127450550414
low,episode_000006,4,debug_runs/20260529_112911_low/episode_000006/debug_chunk_rawid_4_004_observation_frame.pt,low,episode_000003,4,debug_runs/20260529_112911_low/episode_000003/debug_chunk_rawid_4_004_observation_frame.pt,29.686176300048828,0.2535284757614136,1,1,0.7417218543046358,0.5298013245033113,0.13683610367966317
baseline,episode_000004,3,debug_runs/20260529_110106_baseline/episode_000004/debug_chunk_rawid_3_003_observation_frame.pt,baseline,episode_000005,3,debug_runs/20260529_110106_baseline/episode_000005/debug_chunk_rawid_3_003_observation_frame.pt,31.217287063598633,0.3036465644836426,1,1,0.7748344370860927,0.5960264900662252,0.134204640147362
high,episode_000006,3,debug_runs/20260529_112158_high/episode_000006/debug_chunk_rawid_3_003_observation_frame.pt,high,episode_000005,3,debug_runs/20260529_112158_high/episode_000005/debug_chunk_rawid_3_003_observation_frame.pt,34.970237731933594,0.5939611792564392,1,1,0.847682119205298,0.847682119205298,0.12911714398491295
high,episode_000001,0,debug_runs/20260529_112158_high/episode_000001/debug_chunk_rawid_0_000_observation_frame.pt,high,episode_000004,0,debug_runs/20260529_112158_high/episode_000004/debug_chunk_rawid_0_000_observation_frame.pt,16.440574645996094,0.11112448573112488,1,1,0.2781456953642384,0.17880794701986755,0.1290732862593746
high,episode_000003,3,debug_runs/20260529_112158_high/episode_000003/debug_chunk_rawid_3_003_observation_frame.pt,baseline,episode_000004,3,debug_runs/20260529_110106_baseline/episode_000004/debug_chunk_rawid_3_003_observation_frame.pt,35.91282272338867,0.8415135741233826,0,1,0.8543046357615894,0.8807947019867549,0.12832770492522255
high,episode_000003,1,debug_runs/20260529_112158_high/episode_000003/debug_chunk_rawid_1_001_observation_frame.pt,high,episode_000002,1,debug_runs/20260529_112158_high/episode_000002/debug_chunk_rawid_1_001_observation_frame.pt,29.5772705078125,0.2371499091386795,1,1,0.7350993377483444,0.48344370860927155,0.12806455857199248
baseline,episode_000002,1,debug_runs/20260529_110106_baseline/episode_000002/debug_chunk_rawid_1_001_observation_frame.pt,baseline,episode_000005,1,debug_runs/20260529_110106_baseline/episode_000005/debug_chunk_rawid_1_001_observation_frame.pt,23.125720977783203,0.15090656280517578,1,1,0.5463576158940397,0.2682119205298013,0.1216722950747774
baseline,episode_000005,1,debug_runs/20260529_110106_baseline/episode_000005/debug_chunk_rawid_1_001_observation_frame.pt,baseline,episode_000002,1,debug_runs/20260529_110106_baseline/episode_000002/debug_chunk_rawid_1_001_observation_frame.pt,23.125720977783203,0.15090656280517578,1,1,0.5463576158940397,0.2682119205298013,0.1216722950747774
low,episode_000008,3,debug_runs/20260529_112911_low/episode_000008/debug_chunk_rawid_3_003_observation_frame.pt,baseline,episode_000006,3,debug_runs/20260529_110106_baseline/episode_000006/debug_chunk_rawid_3_003_observation_frame.pt,39.296791076660156,1.0580909252166748,0,1,0.8741721854304636,0.9668874172185431,0.12166133064339282
high,episode_000009,1,debug_runs/20260529_112158_high/episode_000009/debug_chunk_rawid_1_001_observation_frame.pt,high,episode_000006,1,debug_runs/20260529_112158_high/episode_000006/debug_chunk_rawid_1_001_observation_frame.pt,10.82409954071045,0.09154719859361649,1,1,0.06291390728476821,0.1291390728476821,0.12101442919170212
high,episode_000006,1,debug_runs/20260529_112158_high/episode_000006/debug_chunk_rawid_1_001_observation_frame.pt,high,episode_000009,1,debug_runs/20260529_112158_high/episode_000009/debug_chunk_rawid_1_001_observation_frame.pt,10.82409954071045,0.09154719859361649,1,1,0.06291390728476821,0.1291390728476821,0.12101442919170212
high,episode_000008,3,debug_runs/20260529_112158_high/episode_000008/debug_chunk_rawid_3_003_observation_frame.pt,baseline,episode_000004,3,debug_runs/20260529_110106_baseline/episode_000004/debug_chunk_rawid_3_003_observation_frame.pt,37.1609001159668,0.858285665512085,0,1,0.8675496688741722,0.8874172185430463,0.1175387044427876
baseline,episode_000000,1,debug_runs/20260529_110106_baseline/episode_000000/debug_chunk_rawid_1_001_observation_frame.pt,low,episode_000007,1,debug_runs/20260529_112911_low/episode_000007/debug_chunk_rawid_1_001_observation_frame.pt,39.90050506591797,1.4257076978683472,0,1,0.8807947019867549,0.9735099337748344,0.11604754177448362
high,episode_000009,4,debug_runs/20260529_112158_high/episode_000009/debug_chunk_rawid_4_004_observation_frame.pt,high,episode_000005,4,debug_runs/20260529_112158_high/episode_000005/debug_chunk_rawid_4_004_observation_frame.pt,36.71662902832031,0.4337399899959564,1,1,0.8609271523178808,0.7417218543046358,0.10315337046620766
low,episode_000006,1,debug_runs/20260529_112911_low/episode_000006/debug_chunk_rawid_1_001_observation_frame.pt,low,episode_000005,1,debug_runs/20260529_112911_low/episode_000005/debug_chunk_rawid_1_001_observation_frame.pt,21.44013023376465,0.11141803860664368,1,1,0.45364238410596025,0.18874172185430463,0.10312047717205386
low,episode_000005,1,debug_runs/20260529_112911_low/episode_000005/debug_chunk_rawid_1_001_observation_frame.pt,low,episode_000006,1,debug_runs/20260529_112911_low/episode_000006/debug_chunk_rawid_1_001_observation_frame.pt,21.44013023376465,0.11141803860664368,1,1,0.45364238410596025,0.18874172185430463,0.10312047717205386
baseline,episode_000003,2,debug_runs/20260529_110106_baseline/episode_000003/debug_chunk_rawid_2_002_observation_frame.pt,baseline,episode_000009,2,debug_runs/20260529_110106_baseline/episode_000009/debug_chunk_rawid_2_002_observation_frame.pt,27.723665237426758,0.17092354595661163,1,1,0.6589403973509934,0.30132450331125826,0.10276961536774701
baseline,episode_000009,2,debug_runs/20260529_110106_baseline/episode_000009/debug_chunk_rawid_2_002_observation_frame.pt,baseline,episode_000003,2,debug_runs/20260529_110106_baseline/episode_000003/debug_chunk_rawid_2_002_observation_frame.pt,27.723665237426758,0.17092354595661163,1,1,0.6589403973509934,0.30132450331125826,0.10276961536774701
baseline,episode_000001,1,debug_runs/20260529_110106_baseline/episode_000001/debug_chunk_rawid_1_001_observation_frame.pt,baseline,episode_000004,1,debug_runs/20260529_110106_baseline/episode_000004/debug_chunk_rawid_1_001_observation_frame.pt,18.876571655273438,0.10627494752407074,1,1,0.3543046357615894,0.15562913907284767,0.10048901363975264
baseline,episode_000004,1,debug_runs/20260529_110106_baseline/episode_000004/debug_chunk_rawid_1_001_observation_frame.pt,baseline,episode_000001,1,debug_runs/20260529_110106_baseline/episode_000001/debug_chunk_rawid_1_001_observation_frame.pt,18.876571655273438,0.10627494752407074,1,1,0.3543046357615894,0.15562913907284767,0.10048901363975264
low,episode_000000,1,debug_runs/20260529_112911_low/episode_000000/debug_chunk_rawid_1_001_observation_frame.pt,low,episode_000002,1,debug_runs/20260529_112911_low/episode_000002/debug_chunk_rawid_1_001_observation_frame.pt,42.90629577636719,1.7344125509262085,1,1,0.9006622516556292,0.9867549668874173,0.09802201657822021
high,episode_000007,4,debug_runs/20260529_112158_high/episode_000007/debug_chunk_rawid_4_004_observation_frame.pt,high,episode_000006,4,debug_runs/20260529_112158_high/episode_000006/debug_chunk_rawid_4_004_observation_frame.pt,33.28033447265625,0.24002785980701447,1,1,0.8079470198675497,0.4966887417218543,0.09539055304591902
baseline,episode_000005,2,debug_runs/20260529_110106_baseline/episode_000005/debug_chunk_rawid_2_002_observation_frame.pt,baseline,episode_000008,2,debug_runs/20260529_110106_baseline/episode_000008/debug_chunk_rawid_2_002_observation_frame.pt,11.03125,0.08922062069177628,1,1,0.076158940397351,0.10264900662251655,0.09483136704530502
baseline,episode_000008,2,debug_runs/20260529_110106_baseline/episode_000008/debug_chunk_rawid_2_002_observation_frame.pt,baseline,episode_000005,2,debug_runs/20260529_110106_baseline/episode_000005/debug_chunk_rawid_2_002_observation_frame.pt,11.03125,0.08922062069177628,1,1,0.076158940397351,0.10264900662251655,0.09483136704530502
high,episode_000007,2,debug_runs/20260529_112158_high/episode_000007/debug_chunk_rawid_2_002_observation_frame.pt,high,episode_000002,2,debug_runs/20260529_112158_high/episode_000002/debug_chunk_rawid_2_002_observation_frame.pt,43.48207473754883,1.0168911218643188,1,1,0.9072847682119205,0.9536423841059603,0.08841717468532084
baseline,episode_000005,3,debug_runs/20260529_110106_baseline/episode_000005/debug_chunk_rawid_3_003_observation_frame.pt,baseline,episode_000008,3,debug_runs/20260529_110106_baseline/episode_000008/debug_chunk_rawid_3_003_observation_frame.pt,15.32862663269043,0.09092001616954803,1,1,0.25496688741721857,0.11589403973509933,0.0863448971536336
baseline,episode_000008,3,debug_runs/20260529_110106_baseline/episode_000008/debug_chunk_rawid_3_003_observation_frame.pt,baseline,episode_000005,3,debug_runs/20260529_110106_baseline/episode_000005/debug_chunk_rawid_3_003_observation_frame.pt,15.32862663269043,0.09092001616954803,1,1,0.25496688741721857,0.11589403973509933,0.0863448971536336
low,episode_000008,2,debug_runs/20260529_112911_low/episode_000008/debug_chunk_rawid_2_002_observation_frame.pt,baseline,episode_000005,2,debug_runs/20260529_110106_baseline/episode_000005/debug_chunk_rawid_2_002_observation_frame.pt,40.87757873535156,0.5191088914871216,0,1,0.8940397350993378,0.8145695364238411,0.08631200385947985
high,episode_000005,2,debug_runs/20260529_112158_high/episode_000005/debug_chunk_rawid_2_002_observation_frame.pt,high,episode_000006,2,debug_runs/20260529_112158_high/episode_000006/debug_chunk_rawid_2_002_observation_frame.pt,33.52415084838867,0.20850923657417297,1,1,0.8145695364238411,0.4105960264900662,0.07613701153458179
baseline,episode_000003,4,debug_runs/20260529_110106_baseline/episode_000003/debug_chunk_rawid_4_004_observation_frame.pt,baseline,episode_000001,4,debug_runs/20260529_110106_baseline/episode_000001/debug_chunk_rawid_4_004_observation_frame.pt,14.896485328674316,0.08404680341482162,1,1,0.23509933774834438,0.08940397350993377,0.06838515854567782
baseline,episode_000001,4,debug_runs/20260529_110106_baseline/episode_000001/debug_chunk_rawid_4_004_observation_frame.pt,baseline,episode_000003,4,debug_runs/20260529_110106_baseline/episode_000003/debug_chunk_rawid_4_004_observation_frame.pt,14.896485328674316,0.08404680341482162,1,1,0.23509933774834438,0.08940397350993377,0.06838515854567782
baseline,episode_000007,3,debug_runs/20260529_110106_baseline/episode_000007/debug_chunk_rawid_3_003_observation_frame.pt,baseline,episode_000004,3,debug_runs/20260529_110106_baseline/episode_000004/debug_chunk_rawid_3_003_observation_frame.pt,34.690773010253906,0.20812469720840454,1,1,0.8410596026490066,0.40397350993377484,0.06420771018814966
low,episode_000001,2,debug_runs/20260529_112911_low/episode_000001/debug_chunk_rawid_2_002_observation_frame.pt,low,episode_000003,2,debug_runs/20260529_112911_low/episode_000003/debug_chunk_rawid_2_002_observation_frame.pt,23.796552658081055,0.09169292449951172,1,1,0.5695364238410596,0.1390728476821192,0.05986579535985263
low,episode_000004,0,debug_runs/20260529_112911_low/episode_000004/debug_chunk_rawid_0_000_observation_frame.pt,low,episode_000008,0,debug_runs/20260529_112911_low/episode_000008/debug_chunk_rawid_0_000_observation_frame.pt,16.110027313232422,0.08309967070817947,1,1,0.26490066225165565,0.07947019867549669,0.05841849041708697
baseline,episode_000006,2,debug_runs/20260529_110106_baseline/episode_000006/debug_chunk_rawid_2_002_observation_frame.pt,baseline,episode_000008,2,debug_runs/20260529_110106_baseline/episode_000008/debug_chunk_rawid_2_002_observation_frame.pt,44.311920166015625,0.3522995710372925,1,1,0.9139072847682119,0.6688741721854304,0.057585193631858246
baseline,episode_000009,4,debug_runs/20260529_110106_baseline/episode_000009/debug_chunk_rawid_4_004_observation_frame.pt,baseline,episode_000003,4,debug_runs/20260529_110106_baseline/episode_000003/debug_chunk_rawid_4_004_observation_frame.pt,29.121580123901367,0.1151060238480568,1,1,0.7218543046357616,0.2052980132450331,0.05710275865093636
low,episode_000000,2,debug_runs/20260529_112911_low/episode_000000/debug_chunk_rawid_2_002_observation_frame.pt,low,episode_000006,2,debug_runs/20260529_112911_low/episode_000006/debug_chunk_rawid_2_002_observation_frame.pt,33.85921096801758,0.1756211221218109,1,1,0.8344370860927153,0.33774834437086093,0.0559186000614008
low,episode_000003,1,debug_runs/20260529_112911_low/episode_000003/debug_chunk_rawid_1_001_observation_frame.pt,low,episode_000002,1,debug_runs/20260529_112911_low/episode_000002/debug_chunk_rawid_1_001_observation_frame.pt,14.62040901184082,0.0826624259352684,1,1,0.2152317880794702,0.0695364238410596,0.05456997500109644
low,episode_000002,1,debug_runs/20260529_112911_low/episode_000002/debug_chunk_rawid_1_001_observation_frame.pt,low,episode_000003,1,debug_runs/20260529_112911_low/episode_000003/debug_chunk_rawid_1_001_observation_frame.pt,14.62040901184082,0.0826624259352684,1,1,0.2152317880794702,0.0695364238410596,0.05456997500109644
high,episode_000009,0,debug_runs/20260529_112158_high/episode_000009/debug_chunk_rawid_0_000_observation_frame.pt,high,episode_000006,0,debug_runs/20260529_112158_high/episode_000006/debug_chunk_rawid_0_000_observation_frame.pt,6.3707475662231445,0.07516676932573318,1,1,0.03642384105960265,0.056291390728476824,0.0542410420595588
high,episode_000006,0,debug_runs/20260529_112158_high/episode_000006/debug_chunk_rawid_0_000_observation_frame.pt,high,episode_000009,0,debug_runs/20260529_112158_high/episode_000009/debug_chunk_rawid_0_000_observation_frame.pt,6.3707475662231445,0.07516676932573318,1,1,0.03642384105960265,0.056291390728476824,0.0542410420595588
high,episode_000003,2,debug_runs/20260529_112158_high/episode_000003/debug_chunk_rawid_2_002_observation_frame.pt,high,episode_000004,2,debug_runs/20260529_112158_high/episode_000004/debug_chunk_rawid_2_002_observation_frame.pt,47.82293701171875,0.4412917196750641,1,1,0.9304635761589404,0.7516556291390728,0.052267444410332896
high,episode_000004,2,debug_runs/20260529_112158_high/episode_000004/debug_chunk_rawid_2_002_observation_frame.pt,high,episode_000003,2,debug_runs/20260529_112158_high/episode_000003/debug_chunk_rawid_2_002_observation_frame.pt,47.82293701171875,0.4412917196750641,1,1,0.9304635761589404,0.7516556291390728,0.052267444410332896
low,episode_000007,2,debug_runs/20260529_112911_low/episode_000007/debug_chunk_rawid_2_002_observation_frame.pt,low,episode_000006,2,debug_runs/20260529_112911_low/episode_000006/debug_chunk_rawid_2_002_observation_frame.pt,40.63503646850586,0.22915950417518616,1,1,0.8874172185430463,0.46357615894039733,0.052190693390640766
low,episode_000009,3,debug_runs/20260529_112911_low/episode_000009/debug_chunk_rawid_3_003_observation_frame.pt,low,episode_000008,3,debug_runs/20260529_112911_low/episode_000008/debug_chunk_rawid_3_003_observation_frame.pt,46.16451644897461,0.2512253224849701,1,1,0.9205298013245033,0.5231788079470199,0.041577123810359176
high,episode_000002,2,debug_runs/20260529_112158_high/episode_000002/debug_chunk_rawid_2_002_observation_frame.pt,high,episode_000001,2,debug_runs/20260529_112158_high/episode_000001/debug_chunk_rawid_2_002_observation_frame.pt,33.79237747192383,0.13353577256202698,1,1,0.8245033112582781,0.23509933774834438,0.041259155300206136
high,episode_000001,2,debug_runs/20260529_112158_high/episode_000001/debug_chunk_rawid_2_002_observation_frame.pt,high,episode_000002,2,debug_runs/20260529_112158_high/episode_000002/debug_chunk_rawid_2_002_observation_frame.pt,33.79237747192383,0.13353577256202698,1,1,0.8245033112582781,0.23509933774834438,0.041259155300206136
high,episode_000004,0,debug_runs/20260529_112158_high/episode_000004/debug_chunk_rawid_0_000_observation_frame.pt,high,episode_000003,0,debug_runs/20260529_112158_high/episode_000003/debug_chunk_rawid_0_000_observation_frame.pt,11.28477668762207,0.061048828065395355,1,1,0.09602649006622517,0.04304635761589404,0.03891276698390421
high,episode_000003,0,debug_runs/20260529_112158_high/episode_000003/debug_chunk_rawid_0_000_observation_frame.pt,high,episode_000004,0,debug_runs/20260529_112158_high/episode_000004/debug_chunk_rawid_0_000_observation_frame.pt,11.28477668762207,0.061048828065395355,1,1,0.09602649006622517,0.04304635761589404,0.03891276698390421
high,episode_000001,3,debug_runs/20260529_112158_high/episode_000001/debug_chunk_rawid_3_003_observation_frame.pt,high,episode_000002,3,debug_runs/20260529_112158_high/episode_000002/debug_chunk_rawid_3_003_observation_frame.pt,49.4500732421875,0.33351004123687744,1,1,0.9437086092715232,0.6456953642384106,0.0363470900399105
high,episode_000002,3,debug_runs/20260529_112158_high/episode_000002/debug_chunk_rawid_3_003_observation_frame.pt,high,episode_000001,3,debug_runs/20260529_112158_high/episode_000001/debug_chunk_rawid_3_003_observation_frame.pt,49.4500732421875,0.33351004123687744,1,1,0.9437086092715232,0.6456953642384106,0.0363470900399105
baseline,episode_000000,4,debug_runs/20260529_110106_baseline/episode_000000/debug_chunk_rawid_4_004_observation_frame.pt,high,episode_000009,4,debug_runs/20260529_112158_high/episode_000009/debug_chunk_rawid_4_004_observation_frame.pt,50.72007751464844,0.9023368954658508,0,1,0.9668874172185431,0.9006622516556292,0.02982325336608039
baseline,episode_000000,2,debug_runs/20260529_110106_baseline/episode_000000/debug_chunk_rawid_2_002_observation_frame.pt,baseline,episode_000002,2,debug_runs/20260529_110106_baseline/episode_000002/debug_chunk_rawid_2_002_observation_frame.pt,56.65827560424805,3.162947177886963,1,1,0.9801324503311258,1.0,0.019867549668874163
low,episode_000005,2,debug_runs/20260529_112911_low/episode_000005/debug_chunk_rawid_2_002_observation_frame.pt,low,episode_000004,2,debug_runs/20260529_112911_low/episode_000004/debug_chunk_rawid_2_002_observation_frame.pt,22.23477554321289,0.049439530819654465,1,1,0.4867549668874172,0.029801324503311258,0.015295381781500814
low,episode_000004,2,debug_runs/20260529_112911_low/episode_000004/debug_chunk_rawid_2_002_observation_frame.pt,low,episode_000005,2,debug_runs/20260529_112911_low/episode_000005/debug_chunk_rawid_2_002_observation_frame.pt,22.23477554321289,0.049439530819654465,1,1,0.4867549668874172,0.029801324503311258,0.015295381781500814
high,episode_000008,2,debug_runs/20260529_112158_high/episode_000008/debug_chunk_rawid_2_002_observation_frame.pt,high,episode_000003,2,debug_runs/20260529_112158_high/episode_000003/debug_chunk_rawid_2_002_observation_frame.pt,50.41823959350586,0.19255870580673218,1,1,0.9602649006622517,0.37748344370860926,0.014999342134116916
low,episode_000009,2,debug_runs/20260529_112911_low/episode_000009/debug_chunk_rawid_2_002_observation_frame.pt,low,episode_000008,2,debug_runs/20260529_112911_low/episode_000008/debug_chunk_rawid_2_002_observation_frame.pt,51.08894348144531,0.2836741805076599,1,1,0.9735099337748344,0.5496688741721855,0.014560764878733402
low,episode_000007,0,debug_runs/20260529_112911_low/episode_000007/debug_chunk_rawid_0_000_observation_frame.pt,low,episode_000005,0,debug_runs/20260529_112911_low/episode_000005/debug_chunk_rawid_0_000_observation_frame.pt,17.185476303100586,0.046373866498470306,1,1,0.2980132450331126,0.019867549668874173,0.01394675672119644
high,episode_000001,4,debug_runs/20260529_112158_high/episode_000001/debug_chunk_rawid_4_004_observation_frame.pt,high,episode_000005,4,debug_runs/20260529_112158_high/episode_000005/debug_chunk_rawid_4_004_observation_frame.pt,49.5317268371582,0.16788356006145477,1,1,0.9536423841059603,0.2781456953642384,0.012894171308275956
baseline,episode_000007,4,debug_runs/20260529_110106_baseline/episode_000007/debug_chunk_rawid_4_004_observation_frame.pt,baseline,episode_000005,4,debug_runs/20260529_110106_baseline/episode_000005/debug_chunk_rawid_4_004_observation_frame.pt,21.155406951904297,0.04434496909379959,1,1,0.44370860927152317,0.013245033112582781,0.007368097890443401
baseline,episode_000003,0,debug_runs/20260529_110106_baseline/episode_000003/debug_chunk_rawid_0_000_observation_frame.pt,baseline,episode_000005,0,debug_runs/20260529_110106_baseline/episode_000005/debug_chunk_rawid_0_000_observation_frame.pt,15.32027816772461,0.03907470405101776,1,1,0.24503311258278146,0.006622516556291391,0.004999780711372308
high,episode_000002,4,debug_runs/20260529_112158_high/episode_000002/debug_chunk_rawid_4_004_observation_frame.pt,high,episode_000006,4,debug_runs/20260529_112158_high/episode_000006/debug_chunk_rawid_4_004_observation_frame.pt,58.742462158203125,0.17959459125995636,1,1,0.9867549668874173,0.3576158940397351,0.004736634358142171
high,episode_000000,2,debug_runs/20260529_112158_high/episode_000000/debug_chunk_rawid_2_002_observation_frame.pt,high,episode_000004,2,debug_runs/20260529_112158_high/episode_000004/debug_chunk_rawid_2_002_observation_frame.pt,63.898223876953125,0.23419997096061707,1,1,0.9933774834437086,0.4768211920529801,0.003157756238761474
baseline,episode_000000,3,debug_runs/20260529_110106_baseline/episode_000000/debug_chunk_rawid_3_003_observation_frame.pt,low,episode_000007,3,debug_runs/20260529_112911_low/episode_000007/debug_chunk_rawid_3_003_observation_frame.pt,71.26329040527344,3.0787270069122314,0,1,1.0,0.9933774834437086,0.0
