action_endpoint_delta,action_max_speed,action_mean_jerk,action_mean_speed,action_p95_jerk,action_p95_speed,action_path_len,action_speed_spikiness,duration_s,eef_displacement_final,eef_displacement_max,eef_displacement_mean,eef_displacement_min,eef_displacement_range,eef_height_final,eef_height_max,eef_height_mean,eef_height_min,eef_height_range,eef_pos_endpoint_delta,eef_pos_max_speed,eef_pos_mean_jerk,eef_pos_mean_speed,eef_pos_p95_jerk,eef_pos_p95_speed,eef_pos_path_len,eef_pos_speed_spikiness,episode_index,num_frames,state_endpoint_delta,state_max_speed,state_mean_jerk,state_mean_speed,state_p95_jerk,state_p95_speed,state_path_len,state_speed_spikiness
4.587777121419638,297.86137816230706,869.1984653889557,64.17480047687673,3067.4284165278455,149.70863206824905,489.8676742903141,5.692153038143948,7.633333206176758,0.0050498826190075305,0.11041049441575573,0.06845821772016886,0.0,0.11041049441575573,0.12293075696130171,0.21275673025979952,0.17050362580025874,0.11900845268605928,0.09374827757374024,0.0050498826190075305,0.35681956702618367,0.5318411536449801,0.06742444477965319,1.2865395728315647,0.1726814135268487,0.5146732540334082,6.592916792138672,0,230,4.40583756658869,287.0750466521417,340.08534773015447,45.25536588377078,858.2734382769951,104.87511194606886,345.4492740330237,6.917377729489484
5.408456427136496,275.2645440504079,975.8567719502788,69.19280790931745,2921.176467819725,150.6508809139161,491.2689224018187,4.7244544714095955,7.099999904632568,0.002895651732733592,0.11300417371047874,0.0719891205329924,0.0,0.11300417371047874,0.1213968555540684,0.216707112721507,0.1720252690229146,0.11856351242999014,0.09814360029151686,0.002895651732733592,0.485549919858883,0.6404007679387986,0.06988995895006408,1.4191991765113459,0.15976373671303923,0.49621861243164334,8.963540171254698,1,214,4.479017053770122,215.08850919744788,361.8791585174254,47.28125807105981,1009.7492247059391,120.94974493667695,335.6969096202605,5.4965529472294845
5.651561738112534,272.15363109595654,925.543813037988,58.21821380871766,3910.3330459472263,146.78014100448485,481.2705331405723,5.738874804269929,8.266666412353516,0.004992552950382951,0.10801736074600847,0.06754575930195822,0.0,0.10801736074600847,0.11991450436172787,0.2273278204149342,0.1738133709379358,0.11931860146889552,0.1080092189460387,0.004992552950382951,0.2485406370765991,0.4570695627227866,0.06329017749349802,1.2975845809123416,0.14890512599026368,0.5231987883068885,4.294071132416217,2,249,5.566323583773032,142.61272665966814,256.37331466127586,40.39049905666249,816.1381597144679,96.97185136621307,333.8947842980739,3.6413414973617964
5.505563373304386,474.49998437037095,914.8850341447362,67.04882278530097,2949.8404424260357,138.91020839165773,500.63114866798503,8.525405079471335,7.4666666984558105,0.0018901629036035216,0.11985044700544324,0.0770497183625124,0.0,0.11985044700544324,0.1204879892380258,0.22826941834982042,0.1767941846380944,0.11862417385956267,0.10964524449025775,0.0018901629036035216,0.22594621319638042,0.5373983211710859,0.07503517866857785,1.4323995403437615,0.1637085617850839,0.5602625909670935,2.828532974775741,3,225,3.650761113296013,148.3343119376191,303.15053857559576,47.86160118615578,801.4724302711182,103.89087423423156,357.36660785798585,3.2975769040388077
3.830547416587869,290.6780856002908,811.0454355459292,65.59105427154829,2556.5225003487326,152.9906924430239,478.8146968923836,5.608290959084019,7.300000190734863,0.0022167844675960594,0.11270027248947431,0.07521496433117068,0.0,0.11270027248947431,0.12093795741921204,0.20680784757917103,0.16421661991726352,0.11874701876807929,0.08806082881109174,0.0022167844675960594,0.42285157498587406,0.5897674128007119,0.06604472745859549,1.5466820401836263,0.17346276297740879,0.4821264057036157,10.136036391228666,4,220,3.4743277861960116,182.26920305904966,324.2357744256242,46.30333035258248,1132.0899652898838,129.0915168774087,338.0142479954497,5.21189325648588
6.98713617003851,287.98276782725816,755.072160929596,61.12956622314773,2564.83224217694,133.8167686995139,472.73524694419336,6.004993885177532,7.733333110809326,0.004513226632630935,0.11507099893637265,0.0727398846096837,0.0,0.11507099893637265,0.1225347669812513,0.20593965777109793,0.1616536407935058,0.1187470187680793,0.08719263900301863,0.004513226632630935,0.24979592974065046,0.5119715039278355,0.06224858389994795,1.5713708552033152,0.16948428423881465,0.4813890156050728,5.657725229528761,5,233,5.266591474283779,203.3121582059792,341.4031503819314,42.26846175610415,1091.9181646186032,119.32479795658885,326.87610062850274,6.229000325137487
4.905765011805615,257.8505743433812,877.6631525065578,70.87367098634498,2351.008632968345,159.91203021846812,505.5655438619221,4.537900945631531,7.133333206176758,0.002379606945897067,0.12256609412608382,0.08021989743204358,0.0,0.12256609412608382,0.12073849641849826,0.21103604355686573,0.1656337228593618,0.11851757540061847,0.09251846815624726,0.002379606945897067,0.34788823502651317,0.6629748010185307,0.07397595362814656,1.628492897629472,0.18323908424889024,0.527695057357197,5.943691733945862,6,215,3.8182901128452023,233.54020830472447,414.24128125750326,50.485651142504715,1136.2898759353925,128.77976117673626,360.1309548302752,5.494069293328785
5.646569172509851,244.91796114851098,786.0216344967628,64.8629860806412,2385.372676389006,149.2302772252411,486.47237052218105,4.443257332284169,7.5,0.002210435339515333,0.11997737661749068,0.07684842549295505,0.0,0.11997737661749068,0.12064079690293072,0.21382024735354258,0.1643203973570418,0.11862417385956263,0.09519607349397995,0.002210435339515333,0.29145053577998586,0.46997069308194916,0.06678150422422235,1.3793381355194128,0.17633065916096785,0.5008611658419465,6.3332017753460566,7,226,5.024983189141393,202.17304165784364,294.09940696280137,45.9470291458889,925.9720861505831,117.66237606615415,344.6026871462544,5.155626832274042
3.746729869086475,264.676860610452,871.2179596595573,67.80044949640575,3204.2717558559552,149.44082549327038,490.4232469024947,4.788006829045889,7.233333110809326,0.002307530329334525,0.10860982235037961,0.07416632425789871,0.0,0.10860982235037961,0.12085204623077865,0.21569815179953938,0.16973957161992348,0.11874431523691253,0.09695383656262685,0.002307530329334525,0.4742866086830051,0.6526072968577727,0.07473531704584933,1.3202642773836988,0.17282111724148527,0.5405853654786593,8.488293882885017,8,218,4.493446907368843,259.72782489337436,332.8974364627459,45.93258431934094,871.6156527296832,124.863365587859,332.2456434538169,7.0451141241026685
3.4759978921482872,328.7688311461395,787.7507046826065,63.25670916911178,3031.4435264291897,149.2873156060311,470.20820752319804,7.530440293652347,7.433333396911621,0.0014462556770841808,0.11779387960394473,0.07611535969647429,0.0,0.11779387960394473,0.1202603883538835,0.21152534493175673,0.16879767115827815,0.11886709484482323,0.0926582500869335,0.0014462556770841808,0.4578828760316092,0.6070834417862144,0.06610949386144713,1.3593852147368517,0.1895017022020879,0.4914137802726811,10.19868648762229,9,224,4.522565469449944,217.1275160671718,335.415575597755,43.81537509667771,858.0648084191699,132.01844724702943,325.69423113297773,7.100539738375123
3.9319649128675533,305.7481921650676,898.6739189561263,63.00404606428875,2526.529592919382,147.79417400326616,470.4302199641893,6.3460005482176385,7.4666666984558105,0.0016131341064799798,0.11636217907452871,0.07410431118828606,0.0,0.11636217907452871,0.12028766969599453,0.21169821546329715,0.16648042581464298,0.11860768126710114,0.093090534196196,0.0016131341064799798,0.3326619487696888,0.5571911349606093,0.06554012332255203,1.4357643441439156,0.18490585838518253,0.48936623982627825,7.866460651703264,10,225,4.740476323304606,250.01691264191896,344.110521951849,43.47795350928903,891.923714282912,124.14121217085174,324.63536775242335,7.7741663496314715
2.5694545679413094,268.13479830734053,818.6364876520958,60.912900124632394,2655.503612592604,145.37695710120937,448.72512735792327,5.7008461932437084,7.366666793823242,0.0015912743434953265,0.10810074596418819,0.07309030044765591,0.0,0.10810074596418819,0.12042979338106141,0.206909109240755,0.1690537666463334,0.11885628113475041,0.0880528281060046,0.0015912743434953265,0.4955805682389417,0.5775354742900191,0.061686386745275955,1.3680697032998137,0.17406301159797424,0.4544229877864696,10.258543489880113,11,222,2.964499250735135,217.8054147247501,307.9884283430594,42.18304387267471,818.3214152972569,126.775496478359,310.74841555166233,6.7413266864741415
5.474526768579111,222.92471481017824,759.8434259700366,65.2092933967278,2964.6057532351147,153.2588561440454,491.24333797041936,4.425597574431863,7.5333333015441895,0.0036049212772851936,0.11560124184904404,0.06932082076240602,0.0,0.11560124184904404,0.121411251064549,0.22382821822444604,0.17321365749173653,0.11873067245256953,0.10509754577187651,0.0036049212772851936,0.5188033168442334,0.6343236775108739,0.06951956032948087,1.6001167192155215,0.17655210732066123,0.5237139847867714,9.571293069232972,12,227,5.456796305744619,253.2294319156687,342.85541451101255,43.33712792903181,827.9268875870856,108.5690742597819,326.4730043161243,6.871286660142441
4.701902444102985,310.2859978152461,915.80157062591,69.096067072493,3191.2302466452647,155.3118059099331,488.27889059990906,5.938981941392248,7.066666603088379,0.0020564516089211955,0.12197918579504508,0.07189602374072436,0.0,0.12197918579504508,0.12066897952309084,0.22691902887926754,0.1734676538733952,0.1186376407882041,0.10828138809106344,0.0020564516089211955,0.37492118110795253,0.6873836333531845,0.07879589313546481,2.142391382445628,0.18787228183999385,0.556824343030397,6.237359076052573,13,213,3.704952040075684,161.4315827237349,345.55566207810153,48.67022266896865,1227.3399083926288,122.04593314758459,343.93625386980875,4.004001246826906
4.9818269765263565,276.6838574577043,754.9348914002624,68.75605201326186,2505.780926640037,144.10607988538686,449.20621474064484,5.052013932735849,6.5333333015441895,0.001808786279746037,0.1233023156566308,0.0719235135740024,0.0,0.1233023156566308,0.12056400633932234,0.2145642203122012,0.17100860525597136,0.11884819554065118,0.09571602477155003,0.001808786279746037,0.2638438317186717,0.539477031918998,0.07581804770582583,1.5723309959292049,0.1913397896406823,0.49534457162440554,3.531307289009057,14,197,4.0534471340249,230.44810131924524,379.6051226820914,50.68633430575264,1100.121246573843,127.73170531732609,331.15069693918724,5.462603323648491
6.616864692813766,261.11494621420593,760.9698482065727,68.49676319766517,2240.7315809696265,145.16754875963522,456.6450912352801,4.6844577331567185,6.666666507720947,0.004013970076682337,0.11821394657540887,0.07229559793899891,0.0,0.11821394657540887,0.1226208530530588,0.21606247622987368,0.1733047447220293,0.11883739281680461,0.09722508341306907,0.004013970076682337,0.25635886687523446,0.5528544028727064,0.06980824261819085,1.4985865438695147,0.1725879007118899,0.4653882507400183,4.783206406993394,15,201,5.018509619300036,345.8463616947534,415.32323919471025,47.25049949459793,1187.239638179255,123.27857604760678,315.0033023803428,8.960310859034095
8.849436665389742,358.8154663480748,666.2778053982461,56.37013363696974,2273.1152783416032,145.1722418765323,484.7832169394312,8.078355267968092,8.600000381469727,0.002202301736665909,0.12219852816355127,0.0611364085168343,0.0,0.12219852816355127,0.12072198128317342,0.21851498925188403,0.16183018465977797,0.11848461851147145,0.10003037074041259,0.002202301736665909,0.25908311293381564,0.4326216346660723,0.05945869286431471,1.266236658176645,0.17430813621840852,0.5113448920215158,5.912069341906125,16,259,4.617278634596466,186.91775348699542,284.7764545277812,39.14785178767622,985.498994769026,115.91779216748706,336.6715446942532,5.40304525444949
4.192660490186203,309.4126522275201,828.1325039413895,67.28330017650447,2120.095058920404,152.87340162057473,448.55538816106827,6.060153954579306,6.666666507720947,0.002092254243681602,0.1188530629348346,0.07223081713809142,0.0,0.1188530629348346,0.12050303715410476,0.21552380313744288,0.16812832610043194,0.11849855568257914,0.09702524745486374,0.002092254243681602,0.36045425575640616,0.5714340326676977,0.0676350857133479,1.5877630313661795,0.18279881120558317,0.45090054592116735,7.801095085832862,17,201,3.9606748210988973,352.8088822919045,443.502837044961,47.743174058169934,1335.2810294046399,120.77911990900583,318.2877987392797,9.935741672512531
4.728171089102797,313.94432711065747,837.9087735951539,62.567513717916285,2926.8862202834266,160.03865067173524,508.8824256952,6.313377249624105,8.133333206176758,0.002332237611050723,0.11433109254511378,0.0673816750320989,0.0,0.11433109254511378,0.12082995137136068,0.2176892002887096,0.16814998395679992,0.11862417385956268,0.09906502642914693,0.002332237611050723,0.32879150730161627,0.5574806532073217,0.07012541769783912,1.7456462819734684,0.1803229209754962,0.5703533449715554,5.601951454493148,18,245,4.368227364544153,218.9635596503971,328.3850488107225,43.633027296317834,988.728611648513,119.71104845314235,354.8819312038103,5.870638655416017
4.473518397129609,311.18173139762126,840.0852013103744,66.66241738906837,2763.3316385328967,158.20705452580594,479.9693528956875,5.924553266885418,7.199999809265137,0.0024976900166483774,0.11064515366890516,0.067676305297064,0.0,0.11064515366890516,0.12084670391796379,0.21239739257908463,0.16922336363020793,0.11850125709074819,0.09389613548833645,0.0024976900166483774,0.22337703160331931,0.5216190219017898,0.0663030547311624,1.7037703308109864,0.17173209638261447,0.4773819499601088,4.6855078672489325,19,217,4.70217417485872,161.3444446152418,298.5652559857662,44.54044290489292,962.7551489556319,117.46751905746721,320.6911954479207,4.2824932813041245
